example,label
"Thank you, Roman Kuczynski for your letter, providing insightful information based on true life experiences.  Our current Federal government should pay attention and be far more cautious and protective of Canadians.",not toxic
"Since you've already acknowledged that your primary goal is to be a troll, I'll let this thread die.",toxic
"These Liberals are selling their souls cheaply. Still, either for  lousy $1,500.00 or two million, it is still prostitution!",toxic
"When all else fails, change the subject to Hillary's emails.",not toxic
"The establishment will never stop, big media, global NGOs and left wingers  all want our tax dollars. 

The Marxist has been exposed and are being rejected. The world has had enough even if media refuses to report it acutely!",not toxic
"ABOUT TIME.  Thanks for pouring water onto some smoking wreackage, rather than fighting the fire before the whole structure is destroyed (and by that I mean Federal Govt in general, not specifically THIS Government, which was not in power during the growth of this issue).",not toxic
"Comey seems to be way too much of a political figure to be the chief of the FBI.  The Dems wanted him out last year.  He should have stuck to the facts and left his opinions, beliefs and feelings out of it.  Maybe he's planning a political career now.",not toxic
"He may like the internal forum, but the reality is he has affirmed traditional doctrine and practices. While he does like the internal forum he has not changed anything.",not toxic
"ADN, did you turn off the comments on the article of Alaska's Women's March? If so, why?",not toxic
"Mr. Wright, sometimes the ""ivory tower"" intellectual lacks practical experience.

I received a few months ago a pamphlet from a (no doubt) wise, learned and good intentioned professor advising me on the best way to raise baby chicks (I've been in the business all my life).  I dutifully read the pamphlet and ended up annoyed.

He gave advice on heating the barns (I respectfully submit I know more about my barns than the gentleman) - some the way I do things, some the way I don't for various reasons.  Some not unreasonable advice on feed and water.

The good doctor also made some downright screwy suggestions like checking the rectal temperature of a representative sample of 20 - 50 chicks per floor per day - a pointless waste of time not to mention an undesirable way to spend it.

I couldn't help but get the image (fairly or unfairly) of a veterinarian puttering around a small flock in a laboratory extrapolating his observations mistaken about their practical import elsewhere.",not toxic
https://mobile.twitter.com/pharris830/status/871763608472080384/photo/1,not toxic
"God didn't create robots.  We choose our own actions.  But in the end, everyone will give a final account of how they lived their life.",not toxic
"Actually, we moved to Oregon in 1971, forty-five years ago.  It's rather likely that we've lived in Oregon longer than you have...even though you were possibly born here.  Additionally, in the United States we have ""open borders"" between the States and anyone is quite free to live in any state they choose.  

Regarding the use of ""Proposition"" rather than ""Measure"":I believe most Oregonians would recognize that they refer to measures put on the ballot either through the initiative or the referendum process. Your comment is both trivial and mean-spirited. 

Now, I do differentiate between ""poster"".....the term I use referring to most persons who comment on this site; and ""troll"" which is the term I apply to you and your typical posts.  These terms are significantly different. ""Posters"" seek civil conversation with others.  Trolls, on the other hand, launch ad hominem attacks on others and inhibit  that civil discourse discourse.",not toxic
"I watch - habitually - the 6:30 newscasts of all 4 networks on weekdays (NBC,ABC,CBS and PBS) and  while they cover the storms and fires more or less accurately, when it comes to politics, they're almost the same. In sleaziness, NBC is far ahead of the others. Full of innuendos, baseless ad hominem attacks, sensational allegations of fictional, unproven events is their mantra.
Nothing defensible there.",not toxic
üò≥ mean,not toxic
"It's really simple. Nowhere did he say ""the greatest president of all time."" False witnessing again Richard? You are consistent. And no one is forcing you to drop to your knees. Your spins and hyperbolic reactions speak volumes about your attitude on racial issues. Do you really think that an African American would've become President if King and the civil rights movement of the late fifties and sixties hadn't finally ended 100 years of Jim Crow? 

I'm thinking that how over the years when you've allowed your bigotry to rain down (not shine) in spins and deflections, and attempt to weasel out of your comment that replied to a commenter, "" I never would've allowed Rosa Parks on the bus in the first place,"" .... you gave yourself away a long time ago bucko. You can keep denying it, but most of us know better.

I don't think you even contemplated Mr. Pitts respect for our President for even a moment. Par for the course.",not toxic
"I think most of these ""folks"" were anti wall street a few years ago, funded by who? I saw this same thing in the 60s, less organized. Follow the money, who funds this.",not toxic
"Remember when we used to go to music camp, art camp, or we took shop in high school? I don't think all of us necessarily became artists, musicians and mechanics, but it made us more aware of our surroundings, culture, and the way things work. I don't think the world would collapse if kids didn't take coding, but I completely disagree that coding is another silly fad. It pulls an number of disciplines together and kids see how those disciplines ‚Äì and hey!‚Äì even people, work together.",not toxic
Why is the SA censorship posts ?,not toxic
"Many folks have decided to give to charities where the $$$$ go to the cause  and not  CEO's and administration. I stopped giving to the United Way. I saw what the CEO earned.
I give to select charities now : Salvation Army, St. Vincents,  Red Cross.
Consider that most donors with money to give are paying more taxes, I think some charities are not surprisingly in trouble.",not toxic
"I argued about this with our kid's school principal and was basically told that I was an idiot for even suggesting such a thing. (I shall look her up now if the old battle-ax is still running a school.)

As Sir Ken Robinson once stated:  There are other important attributes of a child other than the date of manufacture.  Kids all don't become equally 'ready for school' at some magical age.",not toxic
Tear it down....for 38 million you could build a real nice dog kennel.,not toxic
"Good luck Mr. Sullivan. You were, by far, the most pleonectic and self serving mayor we have ever had in the history of our lovely city. I'd put a check mark by Daffy Duck before I'd put one by yours as Senator of our Great State.",not toxic
"""Trump led Republican party""?  

The Republican party who was willing to take Cruz to avoid Trump""

The Republican Party that spent millions of dollars to go for anyone but Trump?

If the Republican Party was 'following' Trump, there would already be a 'Repeal and Replace""; there isn't.

If the Republican Party was 'following' Trump,there would already be a Congressional Bill on DACA; there isn't.  

Your party bias is sneaking into your perceptions.  

Trump is no more a Republican leading other Republicans than Sanders is a Democrat leading other Democrats!

The 'details' will have to come out.  There isn't a ""tax reform bill"" in the entire world that is only 9 pages long!

This is just the usual knee-jerk by the Democrats--and by you!",not toxic
........... said the blind dumb and deaf lemming.,toxic
"The simple fact that a candidate was elected with public funding doesn‚Äôt mean she‚Äôs a good council person. For the good of the people of Puna, I hope she can drop the divisiveness and get to work for her district.",not toxic
"I and perhaps all others love exactly what you say.  I don't think anybody would not love that future vision.  I think the problem has been that some people have been saying, ""love it, but aiyah...if we had only had a real, building industry acceptable, and financially competent business plan in the beginning, and/or been told that we didn't have any, before breaking ground.""",not toxic
Put trash on train!,not toxic
"You have an 8-year-old mind in the body of a 70-year-old. The various attempts at accommodation are for the 8-year-old, whereas the rigors of travel have to be reduced for a 70-year-old. The media is not ""treating him"", but reports of what his planners are doing is ""treating him"" like an 8-year-old.",not toxic
"There are a lot of wealthy people who Declare alaska to be their residence -  
for those of us who simply love it here, and lived here when we used to have an income tax and didn't mind paying it ‚Äì and had an employment tax for your first job, so that summer workers had to kick into support government too ‚Äì  The whining about paying for the place we love the opportunities we have is disgusting. If we don't want oil to pay for it, and we don't want to pay for it ourselves, at this and leave us many choices ‚Äì does it.
?!?
The whining by the most wealthy among us,  Who use in alaska residence just to avoid paying taxes elsewhere, and by those who have benefited the most from our good fortune, is especially disgusting,",toxic
"I'll agree it isn't a fact until it's pumping ~ thank you for catching my overstatement.  Let's say 75% chance because Armstrong, Caelus and Conoco-Phillips have all predicted having oil in the pipeline in those years. It appears that the only thing that could stop it would be the federal government or our state government.  That would be the impediment I most distrust.  It appears that you have not really looked at the numbers, which is something I've been doing since I decided I should research this so that I could document it.  My first articles in the Frontiersman and People's Press began coming out in 2015.  But the better test of it is that the Alaska Dispatch has refused to publish anything that does not toe your line.",not toxic
"Siemens is sick and tired of Canadian politicians interfering in their rail business. I heard this firsthand from a Siemens rail engineer: he said that Canadian diplomats would routinely run interference on behalf of Bombardier Transportation in foreign countries. Of course these deals are much larger than such grievances, but all the same, Bombardier clearly has a reputation for not-so-competitive practices. The Alstrom-Siemens deal doesn't surprise in the least.",not toxic
"I just can't believe the number of articles written on such a simple topic. No need for books or secrets folks, it's easy as pie. As a father of two, both are physically fit. How?  I pay attention to them. I feed them healthy food with snacks in moderation. I put them in sports activities using funds from their Canada Child Benefits. I go outside and play with them.  We go for walks with the dog, hiking, and go to the park.  It's not rocket science folks. It's just not. Pay attention to your kids, feed them healthy food, and go outside and your kids will not be obese. If they still are, go to the doctors cause it's something health related. Their, no charge. Your answer in one short paragraph. And if you're trying to make health excuses not to go outside with your kids. Well, I have a disability from my military days, and I still go outside. It just hurts, and I deal with it. That's being a parent.",not toxic
"as over diligent as the state has been regarding the  new marijuana laws - this is something they need get a grip on ASAP.  butane and fire are no play things - too many people who think they know this process - or worse yet, they know a ""short-cut"" - don't.  property of others has been damaged ...so far no people, but it is inevitable if left unchecked.  and the worse thing is ...you have no idea if your neighbor has got some cooking going on, or not.  and we've seen you can't judge a book by it's cover... this is dangerous business and needs to reigned in.  somehow...",not toxic
"Sneaking? With the RCMP standing there?

The panic and hysteria caused by a few brown skinned children is really amazing.",toxic
"‚ÄúIn any case, France will be led by a woman: Either me or Mrs. Merkel,‚Äù Le Pen says.

‚ÄúThe euro is the currency of the bankers. It is not the currency of the people,‚Äù Le Pen says

That's some good zingers.",not toxic
"i am sensitive to plight of the homeless..but am also sensitive to low income people who have found housing -they are often close neighbors and the ""victims"" of the petty yet dangerous crime that accompanies many NIMBYs.  it's time to spread NIMBY love...and lower home values equally  . my home in a non-nimby impacted neighborhood..?  add another digit or 2 to the asking price.  i just want fair - these projects do need to have a place to be , as unpopular as they are, but let's spread the good all around.  i think the folks up on crescent and game farm area need to feel better about themselves beyond the 10% they tithe to their church (if applicable).  there is a ton of room for camps  -  stores, SSA, vet's hospital, riverbend medical care, bus service all right there and the ""campers"" stand on the corners with signs, so the work commute isn't bad.. same with the south hills. i'm tired of the obvious biases on the table when these things are decided.",not toxic
"Mr. Chin says "" He believes the vast majority of Hawaii's population is behind him"", but he never polled any  segment of the community. Instead his interview and comments are filled with ""I this, I that"". All about himself and his personal opinions.
He should have asked the public first before 'strutting his stuff' at their expense.",not toxic
"What the heck is the rush?
First of all, 16 months to introduce this legislation isn't a rush, you should be asking what's taking so long. It's not a complicated problem no matter what some people say, there are numerous jurisdictions including several US states we can copy from. 

""To legalize it to make it harder for young people to acquire the drug seems counterintuitive. ""
Of course it is - that is NOT the purpose. We are NOT legalizing to make it harder to get, we're legalizing because prohibition and criminalization are stupid, inefficient, expensive, unjustifiable policies. 

""This is all about ""revenue generation"" trumping public safety.""
No, it's not, because there's no public safety issue to speak of, and if they were sacrificing it for revenue generation this would have been in place long before the budget instead of afterward. On the contrary, your attempt to label it as nothing more than revenue generation is not only wrong but partisan fakery to distract from policy.",not toxic
"Kunia said, ""...there is no basis nor justification to even think that a Trump administration is akin to a Nazi administration.""  Not yet, anyway.  Hitler became the leader of the Nazi Party in 1921, and it took him a while to take control of Germany.  By then, nothing could stop him except for a world war.  Racism was central to the Nazi Party.",not toxic
"So judgemental!  Women are told it is vital to smell fresh.  Talc is a mineral.  I doubt anyone would place an entire dispenser of JandJ into their panties by their genitals.  The public is in the dark until someone dies or is harmed.  Tobacco anyone?  Same idea.

My turn.  Viagra is a placebo.  That little blue pill you fellows believe makes your johnson into a JOHNSON is a fake.  I cannot believe you strong, superior dudes believe this blue pill is what turns you into ""what every woman desires"".  Use some common sense fellows.  If it's time for your pal to retire as he just can't stand for what he believes in, consider yourself lucky....it's womenopause (the male version of menopause).  No more issues with johnson rising when he shouldn't.  Failing to rise when he should.  Frankly, how you deal with such a disrespectful body part....you really are tolerant.  My compliments. Gone are the days of a full frontal salute.  Now, it's a head nod as he watches you tie your shoes.",not toxic
"The solution to illegal immigration is deportation. We must identify, arrest and deport every last illegal in this country. That includes the 'DACA' illegals.
Trump should keep DACA but change it a bit to ""Deportation Action for Criminal Aliens"". This would be a DACA program that benefits Americans.",not toxic
"Naomi Klein, would you care to comment.",not toxic
"""What should happen when the asset being passed down is not MONEY ($s)? Suppose it's a business (privately held) or a large ranch/farm? With insufficient cash to pay the tax bill?""
.
The same thing businesses (including farms) have done for centuries when faced with the need to make such a payment without having sufficient liquid assets: take out a loan. No extra capital gains tax, no negative effect on all those people, no reduction in capacity, and (if you do it right) years of tax deductions on the interest.",not toxic
"They can do that. I would prefer that they do that. Costs of all goods will go way up but oh well. Traffic will go down.  Vail Associates will pitch a large legal costly fit I bet.

 Personally I greatly prefer going to Grand Junction anyway -",not toxic
"If children are eventually going to pay this kind of agonizing price for their parents' illegal immigration, it doesn't seem wise or compassionate to offer sanctuary and ""don't ask, don't tell"".",not toxic
Why even have a fee.We can carry our deli and other food in our open hands.,not toxic
"If Trump wants to totally reinvent the world political and economic order, I think he owes the American public some specific plans and proposed policies. Having ""lots of meetings"", and telling everyone what a great negotiator he is, is not a plan. The USA is already a great nation with great influence in the world, and we need to honor our long term alliances and commitments, or risk losing much financial and political power and influence. For Pete's sake, we owe these countries trillions of dollars of our national debit. What happens if they ask for their money back? But then Trump is unquestionably experienced in bankruptcies.",not toxic
"Who knows about the RCMP checking people on the bridge when coming off international flights.
Don't let them.  walk quickly into the Canadian airport or you can be detained for hours
If they decide you look suspicious.",not toxic
"He was taken overseas when he was nine or ten- he was taken prisoner, refused a trial, and sent to Guantanamo .
That is why he was 'out of the country""; he had no choice.
There is a huge distinstion between children who are taken away and brainwashed, and adults who willingly leave the counrty to fight against it.
There is no legal reason for the widow of the man killed, and the other person injured, to sue  in another country. There was no proper trial, and the 'confession"" was the only way he could get out of Guantanamo and back to prison in Canada.
The Americans changed the law retroactively to use 'murder"" as a crime in war- they do not use the term when their soldiers kill others.",not toxic
"Maybe CNN needs to start to do actual journalism again, instead of political commentary.  That's the change they need to get them through this Presidency.",not toxic
"bycatch, You just never know. You may have to stand for something that ends up costing you your life. But maybe nothing is that important to you. Hopefully you live a long life and promote freedom the whole way.",not toxic
"Actually I was appalled by Wilson-Raybould's remark. 
---------

all fits in with Trudeau government
he himself said Canada has ""no core identity"" and we are ""post national""",not toxic
"its called facts lefty and there are none, only accusations, thus is false liberal news",not toxic
Citizens finally coming to their senses.   Thank goodness!!!,not toxic
"Ms., Lange if you want to salvage your career move on and make a mark of contribution and excellence in your new environment. Sometimes taking a loss is tough but still offers answers to how things went off the track. You had your ""day in court"" and are unhappy with the outcome. I live near Page school, not that I have any special insight into your career there, but one of your biggest hurdles was there were a great many staff who were not in your corner...not your biggest fans let's say. If you want to be successful and not fail again look into what the inter-personal issues were and learn from those. 
Continuing your ""suit"" will only find you in a deeper hole....as your case has been already tried. A failure in leadership..use it to do better next time.",not toxic
"Potential??

Ridiculous.  Tell me.  Where do you draw the line?  Are you out there with me protecting the lives in the nesting areas of piping plovers?  Had that very discussion today with someone I was working with...she had no problem protesting development of that area because of the eggs of the wee birds...and then proceeded to tell me unborn children aren't life.

wth????",toxic
Canada had atomic weapons up until Trudeau senior got rid of them in 1984. Our Starfighters in Germany were outfitted to carry nuclear bombs and we had them at both German bases in our weapons arsenals. The same with the Canadian Navy. The RCAF under Pearson armed our BCIM-10 BOMARC with nuclear tips too.,not toxic
"This statement is ot that differernt from my own proposals to icrease the Chilt Tax Credit and make it refundable and preserve the charitable contributions deduction, although I would feature both as part of a subtraction value added tax rather than the income tax.",not toxic
I think you mean Lendl and McEnroe.,not toxic
Hick better not be pledging any state tax money to some foreign government to clean up their mess.,not toxic
"Very innovative! I am not confused, and I would enjoy any of these sandwiches....if I ever ate fast food. ""Triple Double"" is way different from ""Double Double"" and ""Triple Triple"".",not toxic
"maker, I don't always agree with you but here you are spot on.",not toxic
There's no respect in your twisted comment.,not toxic
"Do you have a citation for that statement or did you just make it up yourself? BTW, this thread is about the unhealthy liar the Democrats have nominated.",not toxic
they take their turns as assigned. Called 'tag-teaming.'  Been around since before there were printing presses,not toxic
What are Muslims afraid might be found out?,not toxic
"What exactly is your computer made of Green Jeans? Plastics produced from fossil fuels or a mix of granola and bamboo? I suppose you do not fly on planes but prefer to ride your mule?Get off your high pedestal and realize that Canada is a world leader in environmental stewardship AND and an energy producer/resource nation.  Our environmental standards far exceed most nations and there has to be some economic balance or this country is going bankrupt.  Our wealth of resources are the reason we have such a high standard of living. People like you would rather our country import our energy in emissions spewing tankers, trucks and trains from despot nations. Crazy",toxic
"I would like to know why the religion of ""peace"" promotes child predators? Muhammad even had interests in girls as young as 5 yet people worship him as a God. They even promote the killings of gay and lesbian people. Where in America do you see people doing this? Nowhere, Christians may not agree with homosexuality but at least they aren't cutting off heads.",toxic
Raise your hand if poaching near Native villages surprises you.  Anyone?  Anyone?  Didn't think so.  Idiots like this dolt don't give the bison herd a chance for long term survival.,toxic
"Mean, spiteful, liars, power abusers, willing to pervert justice for political power---all those traits Nixon is accused of having are now resident in the Democrat Party and leftwing journalists. Carl, YOU are Nixon. YOU are despicable.",toxic
"Are they going to Vancouver for the event? Graham is and therefore the article is focused on him.
Did you have an actual point to make or is it just deflection that motivates your comment?",not toxic
"Civil discourse has long be absent in Canada, it is nothing new and the left and its allies in the media are just as guilty. The G&M has an almost daily opinion piece that is hurtful to ""whites"" and would be considered hate speech if aimed at any other segment in society. This hurtful language is bound to stir up extremists on the right. If anyone has a legitimate question, they are shouted down and called ""racist""  ""denier"" ""misogynist"" ""econut""  ""leftard"" or whatever and not met with rational discourse or rhetorical debate.
Just because I may have  questions regarding the effectiveness and economic cost of the carbon tax does not mean I should be called a ""denier"" and told to sit down and shut up.
The more the left tells people to sit down and shut up, the more it feeds the extremists.
If 5 people hold a rally against a pipeline our media falls over itself trying to mainstream the protesters, though they represent an extreme view. The lesson to the right is ""be extreme"" or be ignored",not toxic
"During all of these discussions about the budget crisis in Alaska, Walker and the legislature have allowed the oil companies to go unaudited.  

The few audits that were completed should have brought the state $488 Million but the state is not bothering to collect on it.

""The first wave of net tax audits from 2006 and 2007‚Äî completed from five to nearly six years later ‚Äî resulted in $488 million in additional tax assessments. But whether the money will be collected ""is unknown at this time""

The statute of limitations is running out on these audits, but if they were completed, the state stands to gain billions. See ""Statute of limitations running out on state oil tax audits, report warns""",not toxic
The Civil War.,not toxic
"I'm not disagreeing one bit that the parents could make better choices - starting with using condoms from the get-go. The list of bad choices is endless.  Unfortunately, it's the children who suffer the effects of the parent's bad choices.",not toxic
"Could not agree more. Explosion in the run game, and the ability to get into the defensive backfield would go a long way to curing whatever ails our offense.",not toxic
"Take some time and review this proposal if you have not already done so. This is the solution done the Bellevue way. This is our shelter, let's keep it on the Bellevue land.",not toxic
"Whoops, I thought we fixed that! Thanks, Cairn. The meeting is at 6 p.m. Tuesday, June 6.",not toxic
"Interesting lots of Canadian seniors are apparently loosing their homes in Ontario cause of the high cost of living...imagieg , getting old, no more jobs, on  a fix income and then reading this compensation package.  And still, we accept this as the norm....cause nothing will happen....they still will live in their castle while we heat up our barns if we can.....Our leaders keeps on doing the same thing over and over again and yet are we suppose to be surprised...after all they like all go to the same golf club...",not toxic
"Kumar Jha was the chief manager, when did he become the CEO of Bank of Baroda.",not toxic
"There'll be a lot of men wearing kilts in Brussels, and Strasbourg   ;)",not toxic
"Here's a PARTIAL list of 26 bird species, 8 rodent species, 5 marsupial species, 4 lizard species and 1 lagomorph (rabbit/coney/pika) species rendered extinct by feral cats.  Four of them (indicated by *) were extirpated EXCLUSIVELY by feral cats:

Aukland Islands Merganser (NZ); Bunker's Wood Rat* (Mexico); Bonin Grosbeak (Japan); Aldabra Brush Warbler (Seychelles); Black-Fronted Parakeet (Tahiti); Canary Is. Oystercatcher (Spain); Stead's Bushwren (NZ); Chatham Rail (NZ); Choisul Pigeon (Sol. Isl.); Bonin Wood Pigeon (Japan); Darling Downs Hopping Mouse (AU); Cape Verde Giant Skink (Cabo Verde Is.); Gould's Mouse (AU); Eastern Hare-Wallaby (AU); Desert Rat-Kangaroo (AU); Hawaiian Rail (US); Jamaican Wood Rail (Jamaica); Laughing Owl (NZ); Lake Mackay Hare-Wallaby (AU); Lesser Bilby (AU); Macquarie Parakeet (AU); NZ Quail (NZ); Norfolk Pigeon (AU); N. Is. PioPio (NZ); Paradise Parrot (AU); Pig-footed Bandicoot (AU); Reunion Is. Pink Pigeon & Rodrigues Is. Giant Day Gecko (Madagascar)",not toxic
Yikes! is it all about the English Language now? lol,not toxic
"Ok, then.",not toxic
Hold the government's feet to the fire on this issue Ontarians! Don't let them stop with just collecting data.,not toxic
"Sweltering humidity in DC, cool ocean breezes with celebrities at Martha's Vineyard, rubbing wallets with millionaires in goofy outfits at private golf course in New Jersey, or clearing bushwhacking while riding a bike in Texas? Hmmmm, I hear they have great bike trails in Texas.",not toxic
"I like 5 Guys, but lately we've stopped by Red Robin on our way home from the lake, and they've added some pretty wild (and good) burgers. 

Ever try almond (or peanut) butter and jelly on a burger?  Works pretty darn good...",not toxic
"I think you're lost. Not on topic at all. Btw, you're wrong about why we are celebrating Ms Manual's achievements. She is the first black woman to win gold in the Olympics as a swimmer. Did you know Joyce Dandridge, a black actress, once dipped her toes into a swimming pool and the owner had all the water drained because Ms. Dandridge dared to put her little black foot into it? We've come a long way, baby. Well, some of us anyway.",not toxic
Maybe.  Odd though that the Saudis didn't give Trump a head's up on what they were doing.  You think if they were all so sympatico and the Saudis were acting to make Trump happy after his visit .... the US would not have been caught by surprise.,not toxic
She's preparing for the one in June.,not toxic
"I remember when the Beatles, and other bands, used to dress like that.",not toxic
"No new income tax, no raiding the PFD or CBR, no increasing oil taxes until our state government cuts the entire state budget across the board to reflect the state budget of 2006 when oil averaged $80 a barrel. What changes in population, infrastructure or anything else could justify the increase we have seen in state spending of the last ten years. If we followed our state governments logic if oil had reached $200 a barrel the budget today would be in the neighborhood of twelve billion dollars and some change, for what? We would still be driving on the same substandard roads, state school testing would still be at the same level, we would still have the same number of poor and malnourished residents with poor healthcare . I would have no problem if we had a reasonable income tax, our PFD did not pay out earnings to state residents and we had equitable oil and gas taxes. I would just like to see some fiscal responsibility from the people we elect when passing budget legislation.",not toxic
"Well, the Bible is of extremely compelling interest because of its profound impact on the course of history and culture.",not toxic
Republicanos tickle my tummy and make giggle. Te he. They have been trained to speak a form of English. Te he!,toxic
"What a giant phony this guy is.  You got lucky once, dude.  Trump ain't Nixon.  And you are no journalist.",not toxic
"When you're travelling, stuff happens.  Anyone who doesn't stuff a couple of energy bars and an extra bottle of water into their carry-on is not an experienced traveller.",not toxic
"The Justice Department should have moved for dismissal of Hawaii's case in the lower courts because the latter have no jurisdiction over disputes between states and the federal government. Article III, Section 2 of the Constitution confers ""original"" (i.e., first tribunal with authority) jurisdiction of such disputes on the Supreme Court. Federalist 81 provides the rationale for this jurisdictional assignment.",not toxic
"Shysters , but damned dangerous ones at that. I do believe the current number of political killings , has surpassed the pre `94 murders of municipal officials in KZN.",not toxic
"Trump has tarnished yet another man of integrity

Kelly let himself get sucked into the wrong fight",not toxic
And the Circus headed by the Clown goes on....,toxic
"Maybe because riding a bus is about 60 times safer than riding in a passenger car.

http://usa.streetsblog.org/2014/12/19/heres-how-much-safer-transit-is-compared-to-driving/",not toxic
"You are being unfair to all hard working drama teachers out there. As for the bare chest, well he and Vlad",not toxic
"And all those companies you complain about are struggling to remove substantial barriers to supply crucially-needed housing, to counter your complaints of lack of affordability and high costs. You an NDP strategist? They can't figure it out either.",not toxic
"Trump Tweeted that the White House complained about hacking only after Hillary lost:

""Here is the first sentence of Ellen Nakashima‚Äôs October 7 Washington Post report: ‚ÄúThe Obama administration on Friday officially accused Russia of attempting to interfere in the 2016 elections, including by hacking the computers of the Democratic National Committee and other political organizations.‚Äù Trump was even presented with this information onstage at a presidential debate, where he dismissed it. What‚Äôs astonishing is that Trump is not only denying the substance of the accusation, he‚Äôs denying that the accusation was even made. Let this sink in: The president-elect of the United States is insisting that something that was witnessed on national television by more than 66 million people never happened.""

http://nymag.com/daily/intelligencer/2016/12/trump-denies-thing-that-66-million-people-saw-happen.html",not toxic
"Joe! My man! The whole story is about how the council hit pause on upzoning the Ave, giving local merchants a chance to make their case.",not toxic
"No, people are simply wary of unsupported accusations coming from the same people who lied about Iraqi WMD, Libya, Syria, Ukraine, etc. and challenged by those within the US intelligence agencies who contradicted their past lies. Not only have the past 15 years been bad for US government credibility, but they've taken a toll on that of our mass media as well.

""now the revelation that""

You mean the as of yet unsupported allegation ...

Reporting on Russia‚Äôs Troll Army, Western Media Forget West‚Äôs Much Bigger, Sophisticated Troll Army
http://fair.org/home/reporting-on-russias-troll-army-western-media-forget-wests-much-bigger-sophisticated-troll-army/

Childish name-calling isn't the same thing as providing evidence.",not toxic
"Monkey see, monkey do.",not toxic
"""A rally planned Thursday in Iowa was postponed due to ‚Äúan unforeseen change‚Äù in Trump‚Äôs schedule.""....Didn't he just get into office this past January? ... and he starting to campaign? the man is very insecure.
""After maintaining a limited social media presence throughout his trip, Trump unleashed a furious flurry of tweets today, lashing out at what he called the ‚Äúfake news‚Äù media. He focused heavily on leaks ‚Äî both those coming out of the White House and an intelligence leak blamed on Americans about this week‚Äôs deadly bombing at a concert in England.""
What! fake news coming from the WH? Is he the source of the WH leaks?
Still trying to figure out the problem with leaking the name of the Manchester bombing. It was a name compared to Israeli intelligence info.
My suggestion to Trump..just HIRE A TRANSLATOR! Someone to follow you like a tail 24-7 and put your words into what you actually meant to say. Currently you have 3-4 people doing this for you. Downsize, you just need one!",not toxic
"I am, and one thing libertarians have in common is we are fiscally conservative. This is part of what separates us from democrats and republicans but also gives us something in common with real republicans. I could have been more clear on the fiscal part, sorry for the confusion.",not toxic
"Maybe the individual was simply upset at the type of person that they encountered in Pa'ia and decided to vacate an undesirable area.

In any event how could you tell that the person that you supposedly eavesdropped on was a tourist?  Was the individual wearing a sign?",not toxic
you do not know shi@t.  quit commenting on every frickin article and keep your pie hole shut,toxic
"All violence should be denounced unless it is in self-defense. I hope you expressed the same about the violence incited by BLM.  (Dead cops, and what's up with burning down your city --- Black-owned businesses?)",not toxic
The DUMBEST BUFFOON EXCUSE FOR A PRESIDENT THIS COUNTRY HAS EVER SEEN!,toxic
"37emrob, I'm impressed that you voted for Johnson.  It shows integrity.  But I just could not pull the lever for him.  I knew about his spending increases and deficits when he was NM Gov and just couldn't go that far.  He was libertarian lite.

Re: the Union of Soviet Socialist Republics.  A few weeks ago I finished 'Scorched Earth: Stalin's Reign of Terror' by German scholar J√∂rg Baberowski (2016).  It goes into great detail about how citizens were murdered when they didn't wholeheartedly embrace the seizure of their small farms by the state, the collectivization of agriculture.  We're talking tens of millions of people, and not all that different from the  Khmer Rouge reign of terror you mentioned.

Probably the best book I've read on the evils of socialism is Joshua Muravchik's 'Heaven on Earth: The Rise and Fall of Socialism' (2002).  DPL has it and Roger Kimball has an outstanding review here:

https://www.newcriterion.com/issues/2002/4/the-death-of-socialism",not toxic
"Not if the Trump cabinet has anything to do with it.  Note, Obama said ""generations from now . . ."".",not toxic
"The longer Der Fuhrer Trump is office, the more police brutality WILL return !!!",not toxic
"this analysis is ludicrous.  if you live in Hawaii and you $100 is worth only $85, there is really nothing you can do.  can one go to missisippi and buy food there and ship it to Hawaii?  can someone buy house missmissippi  and ship it to Hawaii.  obviously not.  your $100 in Hawaii buy $100 worth of good and services in Hawaii.   if you want to live in Hawaii, then you grin and bear it.  if not, then go to somewhere else where your dollar goes further.",not toxic
"Nothing to see here folks, just a display of greed driven urban development.",not toxic
"Nope.  MSM has zero credibility, this columnist included.",not toxic
"Facts are completely ignored in your thinking, aren't they? The facts.

The Federal Reserve Act was passed in December 1913 and signed by Woodrow Wilson, a democrat. It was passed in the house by a vote of 298 to 60 and in the senate by a vote of 43 to 25. Almost every democrat was in favor of the bill and most republicans opposed the bill. There were three competing versions of the idea with one coming from the republicans called the Aldrich plan. The final bill had some of Aldrich's features but most were from two competing democrat plans. Especially the idea that the Fed be completely controlled by the government. A democratic idea, not republican. The Federal Reserve System was a republican invention? Not hardly. History proves otherwise. There were republican ideas in the final bill but the main bill was and is largely democratic. Maybe we could agree to call it bipartisan with the main tenets of the bill being democratic.",not toxic
"The media isn't blaming Trump for N. Korea having nukes, they, and most people who aren't blind Trump supporters are blaming Trump for how he is behaving.  Tweeting out threats or just threatening them in general isn't really a solution.  It may be a solution on a playground, but not in the adult world.",not toxic
"A woman was just convicted for manslaughter for telling her boyfriend to kill himself. It makes me wonder if ADN and Eagle Wolf will face charges if someone does arm themselves and start a revolt. Your call for violence must stop. ADN, must either enforce some rules of civility or they too can be held accountable.",not toxic
"Just a couple of minor points. The flooding you note was hundreds of miles from Gatlinburg, at the opposite end of the state. And it was several months ago.",not toxic
"Wait, wait...oh, please tell me this Neanderthal, knuckle-dragging comment is a joke here in 2016... except you are probably serious... maybe you could take your opinion to some alternate universe where you white males will be the only inhabitants...'course, you all won't be there too long unless you can reproduce by asexual reproduction...but at least you'll be happy while you are!",not toxic
"haters gonna hate......explain to me ""how ? has your lives changed for (negative/positive) since the election. It's not about the person(TRUMP) for me, it's about the fact the position (POTUS) is being DISRESPECTED because of ""personal"" dislike of the REPUTATION of Trump by the Democratic, and some Republicans, and especially the media. The best thing to happen to the United States has been the election of Trump, just like when Lokelani Lindsey was appointed Bishop Estate Trustee, it exposes all the corruption and self-serving policies of the people that are willing to sacrifice the many for their own gain.",not toxic
"Like a Trump presidency wouldn't be equally scandalous?  Please...  With either of these two candidates, we are in for a bumpy ride.",not toxic
"only the ignorant left thing trump is a disaster when its the congress so far, trump is doing pretty good over all getting much done",toxic
"Ok, cancelled.  Should we still get rid of Mathews too because according to you 2 months ago he was no good?",not toxic
"Comey worked for George W. Bush as the AG. Are you seriously that daft?

He was the number one lawyer for the USA. You wanna know why no one takes you right wingers seriously? Because you don't even know simple facts that can be found in 30 seconds online.

Comey was nominated by GWB for AG and in Comey's testimony he stated he didn't keep notes on either GWB or Obama because he felt he could trust them.

So yeah, you are pretty much wrong on everything. Have a great day.",not toxic
"""Oh my papa""
You learn English or you be sad
Why would they stage a picture like that.
The old guy might be sad, his offspring won't be.",not toxic
"When you live in the desert, it's going to get hot.  If water wasn't piped in and air conditioning had never been invented, very few would live there.",not toxic
"""none of whom will ever look back to this time from the future and say ""well at least Trump and his cronies got rich in the early 20th century.""

No, I don't imagine they will. Of course those from the future that do look back hopefully can figure out which century ""Trump and his cronies"" acquired the wealth to which you refer.",not toxic
"I, for one, regret voting Liberal. Though in my defense, I felt I was voting broom-closet-warrior Harper out, rather than Justin in.",not toxic
What you call me or don't call me has no relevance here in the real world.....,not toxic
"""High on stupid"".  You nailed it!  Millet: ""I guess I was stupid to wanna spend 32 million on new office digs.  So heck, it will be less stupid to spend 12 million!""  Plus 6 million for remodeling and office furniture, 2 million for computers and networks, another 2 million a year for taxes, insurance, security and maintenance.  Total: 20 million.   Leasing existing space at the Atwood would be much less.  But hey, what does money mean to a Millet when a fast talking real estate agent is trying to impress her.  After all, it's someone else's money.",toxic
"PRESIDENT Trump received a lot of support NOT because of media cheerleading and so-called nationalism. The fake ‚Äúnews‚Äù media hate Trump and will do all in their power to use lies and distortions to bring him down. As for nationalism, that is far too narrow an explanation. People both at home and abroad suddenly realized we have a patriot in the White House who does not invent fake ‚Äúred lines‚Äù and act like a braggart while doing nothing to back up all his big talk. Unlike his predecessor, Trump is a REAL executive and for him action talks and BS walks.

Don‚Äôt tell me. Let me guess. You voted for Felony-Shirillary, right? No wonder you seem so bitter.",not toxic
"The baker making cakes for heterosexual weddings and refusing to make cakes for gay weddings is literally discrimination.
That is not up for debate, no matter how much you protest. 
That fits the literal definition of discrimination.
That particular variety of discrimination is illegal in Colorado.

I am tired of repeating facts to you.
Your opinion about events is not relevant, ask any lawyer. 
What if the baker said he was  ot going to bake a cake for a wedding that was for two black people, but he would make a cake for a wedding that was for two white people? Would you say that he is discriminating against the event, not the people?

You beleive the baker had the right to discriminate, period. That is what you are arguing.",not toxic
"Yet another group of right wingers who don't pay their bills.  Bundy is a deadbeat.  Patriot movement, deadbeats. Montana freeman, deadbeats. Sagebrush Rebellion, deadbeats.  Why is the right so full of deadbeats?",toxic
"Yes and I think those two have drained the energy of the team. Nolan and Blackmon just can't cover for them its like their energy is getting taxed night after night, and now it is bringing them down. It also must be dragging down the pitchers knowing they are not going to get any run support causing them to press. Shame on you BUD for  not delegating Cargo back in Early august when it was clear this is way more than a slump.    Story should have at least been platooned more.",not toxic
Standing up for what's right is pono. Where are the others? http://www.counterpunch.org/2016/11/23/buying-silence-why-so-many-democrats-are-mute-about-standing-rock/,not toxic
"You lost me at ""I'm a Trudeau and Liberal Party supporter""",not toxic
"The county is not wrong to call its proposed building a courthouse, but it would be better to call it a ""Justice Center"" or a ""Courts Building"" or some other name that more clearly communicates its intended purpose.",not toxic
"Whether it's a ""beating"" or a ""spanking"" by your personal definition, it's a violent act against a child. So why go there? Are you claiming that there's no better way to correct your child's behavior than to inflict physical pain?",not toxic
"Don't disagree completely with what you are saying, people need to prioritize dental care like any other health issue.  However I can say that I have twice visited dentist's who came on quite hard with the sales pitch for work (confirmed by another provider) that didn't need to be done for years; and I know others who have gone through the same thing that was a total turn off. Visiting you is not pleasant too begin with so don't make it worse by becoming ""Sal the Car Guy - what can I do to put you into this dental crown today???""",not toxic
"Here's all you need to know about the Republican mindset: ""You know, I could maybe give you 10 reasons why this bill shouldn‚Äôt be considered,‚Äù Grassley told Iowa reporters on a call, according to the Des Moines Register. ‚ÄúBut Republicans campaigns on this so often that you have a responsibility to carry out what you said in the campaign.‚Äù

In other words, it doesn't matter how negatively the new bill impacts this country, repeal is a win!!",not toxic
"What do you constitute ""federal aid""? Care to break that down a bit? How about the big three, Medicare, Social Security, and Defense spending. Red states have more of all three in general. Which one, or all, do you consider ""federal aid""? 

So the federal government sticks a military base in your state. Now the massive spending to support it counts towards your state receiving ""federal aid""? The decision to put it there was a strategic decision of the DoD. Localities may lobby for bases because they bring jobs, but in the end its up to the DoD.

Retirees pay into the SS system their entire lives. They often retire to a red state because of low taxes and sometimes sunshine. Now as they claim their benefits you count them as receiving ""federal aid""?",not toxic
"To quote my former neighbor who now lives in S. Florida: 

""This sh!t ain't even funny.""",not toxic
"For a state that has received no refugees, I hope Trump dumps them all in Hawaii.",not toxic
"Having a lot of experience with atheists during my studies in university, and having read works by atheists such as Richard Dawkins, I have never met a single atheist who did not attest that they formulated their atheistic beliefs in relation to their knowledge of science and the scientific method.  When an atheists maintains their position is rational, they mean that they believe their atheistic beliefs are in accord with our contemporary scientific understanding of the universe.  This is hardly a straw man claim and evidence is in abundance.  Find any book written by an atheist that does not tie their beliefs to science and the scientific method.  So, Ariel, is the challenge not then to you to find any evidence to disprove what I state is a clear and undeniable linkage between atheism and contemporary science and methodology?  I could give you a definition of the scientific method if you really want it, but I respect that you have a firm knowledge of this system already.",not toxic
Nice job bringing politics into it.  You must still be bitter from the election.,not toxic
Ahhh poor roy. Whats funny is you are the miserable one while trump bunnys are having a great time. Keep on posting 400 comments a day though. Stay angry! !   !!! LOL.,not toxic
"Lets see what sounds worse, a 19yo spending the next 50 years in prison, vs. shooting him in the head?

If you want to live by the 'Eye for an Eye' mentality, I might suggest you move to some 3rd World country in the Middle East.  As those place might serve the justice you believe in.  Here in America though, we have a system that people have to go through based on these things called ""rights"".  You should look into those....there are quite a few of them.",not toxic
"So, no stats on doctors goin g bankrupt, it will just magically kill the profession (a self regulating profession that somehow is not a Union).
Since you apparently have a crystal ball, I'd like to know the winter forecast and the top ten stock picks for next week.
You have an opinion same as anyone else.
And a dislike of the public service.",not toxic
"What a great op-ed piece on urban renewal in Arvada.  Thanks for running it! Dave Chandler hits the nail on the head about the years of back room deals.  My ""favorite"" (said sarcastically) is Park Place Olde Town, where a historic building was bulldozed, and a city owned piece of property was sold to the developer for $10.  Meanwhile, the city was changing the zoning for Olde Town, and let the architect and developer tell them exactly how high the height limits needed to be to accommodate their five story, modern building.  Previously, two stories was the maximum height.  This building now sits like a sore thumb in the midst of three National Historic Districts.  What a travesty!",not toxic
"Truth does have a hard edge sometimes.  
One of the pope's new year resolutions must be ""new talking points"".
I heard Mercy has been replaced with Hope and Change.",not toxic
Be sure that the working rules will preclude any facts being exposed and the report will be vague and somehow mildly supportive of The Donald's claims.,not toxic
"The TRUMP supporters are mad at everyone in government: Omaha, the Congress, government employees, and people who have your same thoughts.",not toxic
And you don't seem to be able to find the source of your figures or the SUB ones from that source.,not toxic
"No, The Donald is telling us that global warming is a hoax.",not toxic
"The wealthy who live off of unearned income (dividends, interest, capital gains, oil royalties etc) pay zero under this ""plan."" How is that fair?  Low income employees pay at the same rate as some high income employees. How is that fair? And if you are really a rich employee, you will pay at a rate less than the low income employees.How is that fair? Come on governor, let's do this right.",not toxic
"Goodness me, so Sweden, in the centre of Scandinavia is not Scandinavian (enough) for you!! 

You must be a ball of fun in the Office!",not toxic
How in the hell did he only get charged with a misdemeanor? He should be charged with attempted murder with the injuries that prick left on Rand.,not toxic
Canada has the most naive politicians.,not toxic
Thank you for your service.  And I almost NEVER say that.,not toxic
You assume that the allegation is true without asking for proof.  I hope you never serve on a jury.,not toxic
"I enjoy your columns a great deal Ms. Moore.  Insanely, enough, I agree with Richard, and it's a bit all over the place.  Regarding loving one's neighbor, however, again I fear you promote a tepid and materialistic perspective of Christian teachings.  The Bible says ""God is with us.""  Materialists think it means, ""God is on our side"" (as we fix the world).   It really means, ""God is present.""      

Jesus was very clear that his kingdom is not of this world until he makes it so.  Christianity is for us, for our inner peace, guidance and direct experience of spirituality.  Through this inner connection we will know the best actions to take when we need to take them - read Paul again.   

Christianity isn't so Christians can ""fix"" the rest of the world through political organizing, even though that's what a lot of Christians believe. If we truly want to love our enemies, we have to be willing to let the world go exactly as he did.",not toxic
"Would that there be such intensity among the rosary clutching prolife demonstrators for a consistent prolife ethic across the board.  After Kentucky becomes the first state to be rid of abortion clinics, I hope it also becomes the first state to be rid of child hunger and human trafficking and children without healthcare and violence against women and ... and ... and ...",not toxic
"First of all, no company likes to lose orders, no matter the size.  Second, I think you fail to see that this is far more than money, this is about relationships and branding. Canadian is known worldwide, to be America's closest partner, so the world is watching our business relations closely to learn what to expect in their own relations.  In playing along with Washington's current protectionist attitude towards trade, Boeing has shown the world (esp. NATO members) that they may not be the best partner for future procurement projects and that they may be moving more of their production home (America first) in the near future. As such, they could have seriously damaged their brand and their global bottom line long term.  Airbus and European military aircraft manufacturers have a great opportunity and should seize it now.",not toxic
I remember when you could see the airport from Salt Lake park. But now theres a hideous fly over freeway blocking the view to.the ocean.,not toxic
"The people of Cozumel, Mexico, have been great stewards of their reefs. If I want to see fish, I dive there, not in Kona anymore.  I've been diving in Hawaii since 1967 and what you all have done to your reefs is criminal. I still occasionally come to Kona to see friends and swim, but the diving is not worth the effort or the expense. Your DLNR is a disgrace to your heritage.  Bye bye!",not toxic
"Not even close. You do not have to make a cake for a democrat, but you do have to make a cake for a gay.",toxic
In my lifetime many diseases have been eliminated by vaccination. As a senior vulnerable to shingles (had it twice) I have had a shingles vaccination. In reply to the anti-vaxxers - please pray that you never get shingles. It is torment in the extreme.,not toxic
"Cool. How's your uterus these days, Dick?",toxic
Put him away!,not toxic
"I am fiercely independent and am not offering blind support for the DNC (for which, by the way, there is no evidence of ""rigging"" anything) but find it interesting that you suggest Democrats don't talk to ""real people"" but only to ""big money."" And yet you say nothing about the fact that the other side--while sometimes TALKING to ""real people""---ACTS for no one but the wealthy. At least the Democrats have a strong record of ACTING on behalf of real people.",not toxic
"ICE-T put out the song Cop-Killer almost 25 years ago (look up the Lyrics on Google), and other Rappers have had lots of similar songs.  Now, T, is a cop on TV.  IT really is follow the money! lol.  These songs were distributed world wide, and you see a kid in a remote China province in a village of 6 people with his hoddie, bag pants, backward ball cap and attitude. Why the faux and bogus surprise over this media phenomena?",not toxic
"Lol,   Seriously? Ignoring the leftist Washington Post agenda driven implications, in order to qualify for coverage you need to have either a heart condition or PTSD. These are suffered in caring out duties as an armed forces member, not a mental disorder that you contract before joining the service. Do you see the difference? It also needs to be the prescribed because of a diagnosis not because of recreational use. Your comparison is hilarious.",not toxic
"Oh the humanity! #triggerwarning! I thought twitter was a #safespace! Let's kill Canadian jobs for a climate deal that has the backing of Robert Mugabe - Paris is just oozing with credibility: absolutely zero enforcement mechanisms or penalties for non-compliance but like everything the Liberals subscribe to, it's the symbolism that counts #it's2017. Paris was an excuse for tyrants to refresh their wardrobes with the latest European fashions; it was nothing more than a photo-op for the self-titled ""progressive"" elite who fly around the world in private jets believing they are above flushing the toilet. The David Suzuki Foundation supports Trudeau's new environmental assessment regulations - just a ringing endorsement for industry. Petronas, Shell, Total - multinationals are running for the hills in favor of American and Australian jurisdictions  where their projects aren't paralyzed from career activists and political ignorance. Canada is turning into a graveyard for resource capital.",not toxic
I HATE rail!,not toxic
"Ohh, and just in case anyone REALLY wanted to get some extra coverage on this omnibus budget bill tomorrow... they won't because it is a holiday.

This was standard-fare for the Ontario Liberals: All potentially controversial legislation and news released were timed to be released right before a long weekend so as to avoid media scrutiny.",not toxic
Make it spill proof. Underground and on the oceans. The rest of Canada may not understand what it's like here on the coast. But I do. Make it safe and it's welcome.,not toxic
"Utterly useless article any economist should know that prices are tied to income.

As that has now become disconnected anyone who has any reasonable thought process knows it overseas money.

As we know Trudeau and it looks like Morneau like the Chinese money and ""investments"" in the Liberal Party and even Evan Siddal of CMHC has taken the side of the bankers and developers and says collecting data is ""racist""?

Canadians are fools who will be priced out of their own country unless they act.",toxic
Writing code is simply the first rung on that ladder - you can't skip it.,not toxic
"Kenneth Baitsholts - Perhaps you don't realize this, but almost a 1000 years after its founding, England still has no written constitution. Neither does Canada or New Zealand. This does not mean they don't have rules by which they govern that they hold to under most circumstances, but that -- for whatever reason -- they don't see a reason to write them down in a single document. They spread their governance rules out through acts of Parliament, etc.

Don't get me wrong. I think constitutions are a good thing, but it's really not a good argument against Israel, that they don't have a single written constitution. They have a operative one based on their Declaration of Establishment.

Just how closely does the US Constitution and the government that has grown from it reflect the Founding principles of our nation? I would argue that our Constitution has been used to subvert natural rights and has become a violation of the Declaration of Independence. Compare them and see what I mean.",not toxic
So you start by firing a great coach one year after he had you in the finals?,not toxic
"Merkel and Thatcher are and were effective leaders, but if I follow you correctly, if a woman who‚Äôs Premier of Alberta is of a conservative bent, it‚Äôs okay if she‚Äôs in charge.
But if she doesn‚Äôt‚Äô adhere to  your political ideology, then the hate and vitriol is justified, but that‚Äôs not misogyny?",not toxic
"No reflection against you, Mitchak, because I agree with you in principle.  Just a general rant - ""Now if only all people would be reasonable ...""  So, a state income tax would seem to be reasonable?  Along with a sales tax?  And a luxury tax?  An increase in the gas tax?  Eliminating the tax credits?  Taxing the Oilies on the gross, instead of the net?  Cutting 8,000 top and middle management government/U of A jobs?  Eliminating the travel associated with scholastic sports?  No LIO in Spenard, just back to the old fashioned working out of a spare bedroom when not in session?  Table the gas-line for now?  No more ""roads/bridges-to-nowhere""?  And etc. and etc.?  Everyone needs to shoulder the burden equally, right?

I see that most everyone's idea of ""reasonable"" is whatever it takes, just as long as their ox isn't the one getting gored.  Their ""reasonable"" is what got us into this mess, and it is what is keeping us in this mess, and it is why we never have nice things for very long.",not toxic
It's time to name names ladies and while you're at it why not out the congressional code of silence?  If you lack the courage to name the perps you do your fellow congresswomen a disservice.  Congress is a cesspool and sexual harassment is at the low end of the offense spectrum.,not toxic
Not to mention the fact that Comrey will be testifying and the investigation into Trump/ Russia is getting serious.,not toxic
She likes girls,not toxic
"Well said, John.  Nonetheless, I am sure his ""order of charity"" never gets to the end of the list.",not toxic
"Canada needs to stop the influx of refugees, look after the interests of Canadians first and cooperate with the United States of America and its president.  It is in our own best interests to ensure that Canada does not become a haven for terrorists and a springboard for terrorist attacks on the United States. President Trump is taking steps that should have been taken long ago. It's too bad if the appeasers don't like it. If the professional protesters feel that we should have open borders and let in hundreds of thousands of un-vetted 'migrants' and 'refugees', let them go to live in the Muslim world for a while so that they can get a better understanding of why we need better-defended borders and more restrictive immigration policies. The protesters should also protest anything and everything that they don't like while they are living amongst their Muslim friends. They would be lucky to return here alive.",not toxic
More Garbage Journalism.,toxic
Are you talking about the crooked Trump Foundation?,not toxic
"""unargueably protecting and supporting""
Please explain how this inaction by Trump does so.  As I said before.  I don't see it unless you are discussing a separate issue than Trump's promise and recent decision of inaction.",not toxic
"Why blame gas/oil on every mistake?  When you get a hold of some cash...here comes over spending again. Just like our Native Corp...the price of Zinc has been $1.00+ a pound for a year which is high compared to the usual .55 cents for ten years. And yet shareholders received another letter blaming the price of zinc. I'm happy Don Young was successful in passing the bill to allow all Native Viet Nam vets a chance to apply for land. Now if someone can slow down the mine until proceeds reaches the needy the state would save more than the taxes it takes from the mine. NO NANA DIVIDENDS THIS YEAR! Born and raised in rural with no college, my grandmother wouldn't understand the business aspect of NANA. Most of the board is in this situation. Why take advantage of our Elders on the NANA Board?  We are made to enjoy our vast country, not read and write. Thank you, rural erosion matters.",not toxic
What? She wasn't focusing on outer beauty. JFC.,not toxic
For the most part I agree with Bob. I'll go one step further and add that an income tax should be considered only after the permanent fund dividend is stopped. Taxing income earners in order to pay a dividend is an abusive form of socialism. The permanent fund should be used to subsidize the state and pay welfare to the portion of the state that lives in poverty. Paying a dividend to people who don't need it while taxing their income is perverse.,not toxic
What experience does he have that qualifies him to run? He's not qualified to be dog catcher.,not toxic
