example,IndividualLabels,CategorizedLabels
"The role of the 70,000 mainly Kurdish village guards who fight Kurdistan Workers Party ( PKK ) guerrillas in the southeast has been questioned recently after media allegations that many of them are involved in common crime .","[{""Description"": ""Miscellaneous"", ""Text"": ""Kurdish""}, {""Description"": ""Organization"", ""Text"": ""Kurdistan Workers Party""}, {""Description"": ""Organization"", ""Text"": ""PKK""}]","{""Location"": [], ""Organization"": [""Kurdistan Workers Party"", ""PKK""], ""Person"": [], ""Miscellaneous"": [""Kurdish""]}"
The head of the region 's main pro-state militia is at the centre of a security scandal that has shaken the government .,[],"{""Location"": [], ""Organization"": [], ""Person"": [], ""Miscellaneous"": []}"
"More than 21,000 people have been killed in the 12-year-old conflict between Turkish security forces and the PKK , fighting for Kurdish autonomy or independence .","[{""Description"": ""Miscellaneous"", ""Text"": ""Turkish""}, {""Description"": ""Organization"", ""Text"": ""PKK""}, {""Description"": ""Miscellaneous"", ""Text"": ""Kurdish""}]","{""Location"": [], ""Organization"": [""PKK""], ""Person"": [], ""Miscellaneous"": [""Turkish"", ""Kurdish""]}"
Texas / w Okla fed cattle roundup - USDA .,"[{""Description"": ""Location"", ""Text"": ""Texas""}, {""Description"": ""Location"", ""Text"": ""Okla""}, {""Description"": ""Organization"", ""Text"": ""USDA""}]","{""Location"": [""Texas"", ""Okla""], ""Organization"": [""USDA""], ""Person"": [], ""Miscellaneous"": []}"
AMARILLO 1996-12-06,"[{""Description"": ""Location"", ""Text"": ""AMARILLO""}]","{""Location"": [""AMARILLO""], ""Organization"": [], ""Person"": [], ""Miscellaneous"": []}"
Trade very slow in the Panhandle area Thursday .,"[{""Description"": ""Location"", ""Text"": ""Panhandle""}]","{""Location"": [""Panhandle""], ""Organization"": [], ""Person"": [], ""Miscellaneous"": []}"
Slaughter steers and heifers not well tested .,[],"{""Location"": [], ""Organization"": [], ""Person"": [], ""Miscellaneous"": []}"
Feedlots reporting light inquiry from buyers .,[],"{""Location"": [], ""Organization"": [], ""Person"": [], ""Miscellaneous"": []}"
- USDA,"[{""Description"": ""Organization"", ""Text"": ""USDA""}]","{""Location"": [], ""Organization"": [""USDA""], ""Person"": [], ""Miscellaneous"": []}"
"Thursday 200 Week Ago Holiday Year Ago 10,900",[],"{""Location"": [], ""Organization"": [], ""Person"": [], ""Miscellaneous"": []}"
"Wk to Date 69,100 Week Ago 58,100 Year Ago 30,800",[],"{""Location"": [], ""Organization"": [], ""Person"": [], ""Miscellaneous"": []}"
"Sales reported on 200 head steers ; 69,100 head confirmed for week to date which includes 14,000 formulated and 3,400 contracted cattle to be shipped this week .",[],"{""Location"": [], ""Organization"": [], ""Person"": [], ""Miscellaneous"": []}"
"Slaughter Steers : Pen Select and Choice 2-3 , 1150 lbs 67.00 .",[],"{""Location"": [], ""Organization"": [], ""Person"": [], ""Miscellaneous"": []}"
"Pen Select , few choice 2-3 1150 lbs 66.00 .",[],"{""Location"": [], ""Organization"": [], ""Person"": [], ""Miscellaneous"": []}"
Kansas feedlot cattle roundup - USDA .,"[{""Description"": ""Location"", ""Text"": ""Kansas""}, {""Description"": ""Organization"", ""Text"": ""USDA""}]","{""Location"": [""Kansas""], ""Organization"": [""USDA""], ""Person"": [], ""Miscellaneous"": []}"
DODGE CITY 1996-12-06,"[{""Description"": ""Location"", ""Text"": ""DODGE CITY""}]","{""Location"": [""DODGE CITY""], ""Organization"": [], ""Person"": [], ""Miscellaneous"": []}"
Trade slow .,[],"{""Location"": [], ""Organization"": [], ""Person"": [], ""Miscellaneous"": []}"
Not enough slaughter steer or heifer sales confirmed for an adequate market test .,[],"{""Location"": [], ""Organization"": [], ""Person"": [], ""Miscellaneous"": []}"
- USDA,"[{""Description"": ""Organization"", ""Text"": ""USDA""}]","{""Location"": [], ""Organization"": [""USDA""], ""Person"": [], ""Miscellaneous"": []}"
"Thursday 600 week ago holiday year ago 14,200",[],"{""Location"": [], ""Organization"": [], ""Person"": [], ""Miscellaneous"": []}"
"week to date 89,300 week ago 71,000 year ago 47,200",[],"{""Location"": [], ""Organization"": [], ""Person"": [], ""Miscellaneous"": []}"
"Inquiry good , demand light .",[],"{""Location"": [], ""Organization"": [], ""Person"": [], ""Miscellaneous"": []}"
Sales confirmed on 500 slaughter steers and 100 slaughter heifers Thursday .,[],"{""Location"": [], ""Organization"": [], ""Person"": [], ""Miscellaneous"": []}"
"For the week to date 89,300 head confirmed including 30,600 head of contracted or formulated cattle .",[],"{""Location"": [], ""Organization"": [], ""Person"": [], ""Miscellaneous"": []}"
"Steers : Select and Choice 2-3 , 1200 lbs 67.00 .",[],"{""Location"": [], ""Organization"": [], ""Person"": [], ""Miscellaneous"": []}"
"Heifers : Select and Choice 2-3 , 1150 lbs 67.00 .",[],"{""Location"": [], ""Organization"": [], ""Person"": [], ""Miscellaneous"": []}"
Delphis Hanover weekly municipal bond yields .,"[{""Description"": ""Organization"", ""Text"": ""Delphis Hanover""}]","{""Location"": [], ""Organization"": [""Delphis Hanover""], ""Person"": [], ""Miscellaneous"": []}"
Delphis Hanover weekly muni bond yields calculated Dec 5,"[{""Description"": ""Organization"", ""Text"": ""Delphis Hanover""}]","{""Location"": [], ""Organization"": [""Delphis Hanover""], ""Person"": [], ""Miscellaneous"": []}"
Aaa Aa A Baa,[],"{""Location"": [], ""Organization"": [], ""Person"": [], ""Miscellaneous"": []}"
1997 3.50 3.60* 3.70 3.75 4.00 4.00 4.30 4.35,[],"{""Location"": [], ""Organization"": [], ""Person"": [], ""Miscellaneous"": []}"
2001 4.20 4.20 4.35 4.40 4.65 4.65 5.00 5.00,[],"{""Location"": [], ""Organization"": [], ""Person"": [], ""Miscellaneous"": []}"
2006 4.70 4.70 4.85 4.85 5.15 5.15 5.50 5.50,[],"{""Location"": [], ""Organization"": [], ""Person"": [], ""Miscellaneous"": []}"
2011 5.15 5.15 5.30 5.30 5.60 5.60 5.90 5.90,[],"{""Location"": [], ""Organization"": [], ""Person"": [], ""Miscellaneous"": []}"
2016 5.35 5.30 5.50 5.45 5.80 5.75 6.10 6.05,[],"{""Location"": [], ""Organization"": [], ""Person"": [], ""Miscellaneous"": []}"
2021 5.45 5.40 5.60 5.55 5.90 5.85 6.20 6.15,[],"{""Location"": [], ""Organization"": [], ""Person"": [], ""Miscellaneous"": []}"
2026 5.50 5.45 5.65 5.60 5.95 5.90 6.25 6.20,[],"{""Location"": [], ""Organization"": [], ""Person"": [], ""Miscellaneous"": []}"
*from previous calculation on Nov 27,[],"{""Location"": [], ""Organization"": [], ""Person"": [], ""Miscellaneous"": []}"
"-- U.S. Municipal Desk , 212-859-1650","[{""Description"": ""Organization"", ""Text"": ""U.S. Municipal Desk""}]","{""Location"": [], ""Organization"": [""U.S. Municipal Desk""], ""Person"": [], ""Miscellaneous"": []}"
ACCESS energy futures prices add to daytime gains .,"[{""Description"": ""Miscellaneous"", ""Text"": ""ACCESS""}]","{""Location"": [], ""Organization"": [], ""Person"": [], ""Miscellaneous"": [""ACCESS""]}"
LOS ANGELES 1996-12-05,"[{""Description"": ""Organization"", ""Text"": ""LOS ANGELES""}]","{""Location"": [], ""Organization"": [""LOS ANGELES""], ""Person"": [], ""Miscellaneous"": []}"
"U.S. energy futures added to floor session gains in light NYMEX ACCESS trade Thursday , as forecasts for colder temperatures in distillate-hungry Northeastern markets raised supply concerns .","[{""Description"": ""Location"", ""Text"": ""U.S.""}, {""Description"": ""Miscellaneous"", ""Text"": ""NYMEX ACCESS""}]","{""Location"": [""U.S.""], ""Organization"": [], ""Person"": [], ""Miscellaneous"": [""NYMEX ACCESS""]}"
" The cold weather forecasts are helping right now ,  a trader said .",[],"{""Location"": [], ""Organization"": [], ""Person"": [], ""Miscellaneous"": []}"
"Earlier , NYMEX crude ended daytime trade 78 cents higher at $ 25.58 a barrel , following breakthroughs of key technical levels and reports of tighter supplies .","[{""Description"": ""Organization"", ""Text"": ""NYMEX""}]","{""Location"": [], ""Organization"": [""NYMEX""], ""Person"": [], ""Miscellaneous"": []}"
Front-month heating oil firmed 0.09 cents a gallon to 75.20 cents as roughly 100 lots changed hands within the first few hours of ACCESS .,"[{""Description"": ""Miscellaneous"", ""Text"": ""ACCESS""}]","{""Location"": [], ""Organization"": [], ""Person"": [], ""Miscellaneous"": [""ACCESS""]}"
"About 112 lots were exchanged overall , traders said .",[],"{""Location"": [], ""Organization"": [], ""Person"": [], ""Miscellaneous"": []}"
NYMEX gasoline for January delivery climbed 0.12 cents a gallon to 69.80 cents as a light 33 lots traded in the nearby month and 35 moved overall .,"[{""Description"": ""Organization"", ""Text"": ""NYMEX""}]","{""Location"": [], ""Organization"": [""NYMEX""], ""Person"": [], ""Miscellaneous"": []}"
"January crude was barely changed from its settlement , edging up one cent to $ 25.66 a barrel .",[],"{""Location"": [], ""Organization"": [], ""Person"": [], ""Miscellaneous"": []}"
About 350 lots were traded for January and 870 in all months .,[],"{""Location"": [], ""Organization"": [], ""Person"": [], ""Miscellaneous"": []}"
"-- David Brinkerhoff , Los Angeles bureau +1 213 380 2014","[{""Description"": ""Person"", ""Text"": ""David Brinkerhoff""}, {""Description"": ""Location"", ""Text"": ""Los Angeles""}]","{""Location"": [""Los Angeles""], ""Organization"": [], ""Person"": [""David Brinkerhoff""], ""Miscellaneous"": []}"
U.S. blasts release of convicted bomber .,"[{""Description"": ""Location"", ""Text"": ""U.S.""}]","{""Location"": [""U.S.""], ""Organization"": [], ""Person"": [], ""Miscellaneous"": []}"
WASHINGTON 1996-12-05,"[{""Description"": ""Location"", ""Text"": ""WASHINGTON""}]","{""Location"": [""WASHINGTON""], ""Organization"": [], ""Person"": [], ""Miscellaneous"": []}"
"The United States Thursday blasted the release from a Greek prison of a Palestinian guerrilla convicted of bombing an airliner and killing a teenager in 1982 , saying the move  does not make sense . ","[{""Description"": ""Location"", ""Text"": ""United States""}, {""Description"": ""Miscellaneous"", ""Text"": ""Greek""}, {""Description"": ""Miscellaneous"", ""Text"": ""Palestinian""}]","{""Location"": [""United States""], ""Organization"": [], ""Person"": [], ""Miscellaneous"": [""Greek"", ""Palestinian""]}"
 All of us who have been victimised by terrorists ... need to stand together against terrorists .,[],"{""Location"": [], ""Organization"": [], ""Person"": [], ""Miscellaneous"": []}"
"We ca n't let terrorists out of jail when they are a danger to civilians all around the world ,  State Department spokesman Nicholas Burns said . '","[{""Description"": ""Organization"", ""Text"": ""State Department""}, {""Description"": ""Person"", ""Text"": ""Nicholas Burns""}]","{""Location"": [], ""Organization"": [""State Department""], ""Person"": [""Nicholas Burns""], ""Miscellaneous"": []}"
Mohammed Rashid  is a terrorist who deserves to be behind bars .,"[{""Description"": ""Person"", ""Text"": ""Mohammed Rashid""}]","{""Location"": [], ""Organization"": [], ""Person"": [""Mohammed Rashid""], ""Miscellaneous"": []}"
It is inexplicable to us why he would have been allowed to leave Greece before serving his just sentence ... This is an incomprehensible move .,"[{""Description"": ""Location"", ""Text"": ""Greece""}]","{""Location"": [""Greece""], ""Organization"": [], ""Person"": [], ""Miscellaneous"": []}"
"It does not make sense ,  Burns told a news briefing .","[{""Description"": ""Person"", ""Text"": ""Burns""}]","{""Location"": [], ""Organization"": [], ""Person"": [""Burns""], ""Miscellaneous"": []}"
He spoke after Rashid left Greece Thursday on being freed from prison early for good behaviour after serving 8-1/2 years .,"[{""Description"": ""Person"", ""Text"": ""Rashid""}, {""Description"": ""Location"", ""Text"": ""Greece""}]","{""Location"": [""Greece""], ""Organization"": [], ""Person"": [""Rashid""], ""Miscellaneous"": []}"
"The Clinton administration 's strong views on this subject have been conveyed to the Greek government , Burns said .","[{""Description"": ""Person"", ""Text"": ""Clinton""}, {""Description"": ""Miscellaneous"", ""Text"": ""Greek""}, {""Description"": ""Person"", ""Text"": ""Burns""}]","{""Location"": [], ""Organization"": [], ""Person"": [""Clinton"", ""Burns""], ""Miscellaneous"": [""Greek""]}"
Mahammad Rashid was whisked from Korydallos maximum security prison just outside Athens to the airport where he boarded a regular Olympic Airways flight to Cairo where he would transit to Tunis and the former Palestine Liberation Organisation headquarters .,"[{""Description"": ""Person"", ""Text"": ""Mahammad Rashid""}, {""Description"": ""Location"", ""Text"": ""Korydallos""}, {""Description"": ""Location"", ""Text"": ""Athens""}, {""Description"": ""Organization"", ""Text"": ""Olympic Airways""}, {""Description"": ""Location"", ""Text"": ""Cairo""}, {""Description"": ""Location"", ""Text"": ""Tunis""}, {""Description"": ""Organization"", ""Text"": ""Palestine Liberation Organisation""}]","{""Location"": [""Korydallos"", ""Athens"", ""Cairo"", ""Tunis""], ""Organization"": [""Olympic Airways"", ""Palestine Liberation Organisation""], ""Person"": [""Mahammad Rashid""], ""Miscellaneous"": []}"
"Rashid , 46 , was sentenced to 18 years in prison by a Greek court in 1992 after being convicted of premeditated murder in the mid-air bombing of a Pan American airliner in 1982 .","[{""Description"": ""Person"", ""Text"": ""Rashid""}, {""Description"": ""Miscellaneous"", ""Text"": ""Greek""}, {""Description"": ""Miscellaneous"", ""Text"": ""Pan American""}]","{""Location"": [], ""Organization"": [], ""Person"": [""Rashid""], ""Miscellaneous"": [""Greek"", ""Pan American""]}"
His sentence had been reduced to 15 years in 1993 .,[],"{""Location"": [], ""Organization"": [], ""Person"": [], ""Miscellaneous"": []}"
"A parole court ruled recently that Rashid could be freed after serving 8-1/2 years , with time in pre-trial detention counted towards his term , but said he must be expelled immediately from Greece .","[{""Description"": ""Person"", ""Text"": ""Rashid""}, {""Description"": ""Location"", ""Text"": ""Greece""}]","{""Location"": [""Greece""], ""Organization"": [], ""Person"": [""Rashid""], ""Miscellaneous"": []}"
The United States accuses Rashid of belonging to the May 15 Palestinian guerrilla group and being an accomplished student of master Palestinian bombmaker Abu Ibrahim .,"[{""Description"": ""Location"", ""Text"": ""United States""}, {""Description"": ""Person"", ""Text"": ""Rashid""}, {""Description"": ""Miscellaneous"", ""Text"": ""Palestinian""}, {""Description"": ""Miscellaneous"", ""Text"": ""Palestinian""}, {""Description"": ""Person"", ""Text"": ""Abu Ibrahim""}]","{""Location"": [""United States""], ""Organization"": [], ""Person"": [""Rashid"", ""Abu Ibrahim""], ""Miscellaneous"": [""Palestinian"", ""Palestinian""]}"
"Three FBI agents who testified against Rashid during the trial , held at Korydallos prison , said they had ample evidence against Rashid for a bomb planted on a Pan American plane in Brazil in 1982 and a mid-air bomb blast on a TWA airliner approaching Athens in 1986 which killed four U.S. citizens .","[{""Description"": ""Organization"", ""Text"": ""FBI""}, {""Description"": ""Person"", ""Text"": ""Rashid""}, {""Description"": ""Location"", ""Text"": ""Korydallos""}, {""Description"": ""Person"", ""Text"": ""Rashid""}, {""Description"": ""Miscellaneous"", ""Text"": ""Pan American""}, {""Description"": ""Location"", ""Text"": ""Brazil""}, {""Description"": ""Organization"", ""Text"": ""TWA""}, {""Description"": ""Location"", ""Text"": ""Athens""}, {""Description"": ""Location"", ""Text"": ""U.S.""}]","{""Location"": [""Korydallos"", ""Brazil"", ""Athens"", ""U.S.""], ""Organization"": [""FBI"", ""TWA""], ""Person"": [""Rashid"", ""Rashid""], ""Miscellaneous"": [""Pan American""]}"
School football player banned for slashing opponents .,[],"{""Location"": [], ""Organization"": [], ""Person"": [], ""Miscellaneous"": []}"
"ALBUQUERQUE , N.M. 1996-12-05","[{""Description"": ""Location"", ""Text"": ""ALBUQUERQUE""}, {""Description"": ""Location"", ""Text"": ""N.M.""}]","{""Location"": [""ALBUQUERQUE"", ""N.M.""], ""Organization"": [], ""Person"": [], ""Miscellaneous"": []}"
A New Mexico high school football player who used razor-sharp helmet buckles to slash opponents and a referee was expelled from high school banned Thursday from competition for one year .,"[{""Description"": ""Location"", ""Text"": ""New Mexico""}]","{""Location"": [""New Mexico""], ""Organization"": [], ""Person"": [], ""Miscellaneous"": []}"
"Mike Cito , 17 , was expelled from St Pius X High School in Albuquerque after an October game in which he used the sharpened chin strap buckles to injure two opposing players and the referee .","[{""Description"": ""Person"", ""Text"": ""Mike Cito""}, {""Description"": ""Organization"", ""Text"": ""St Pius X High School""}, {""Description"": ""Location"", ""Text"": ""Albuquerque""}]","{""Location"": [""Albuquerque""], ""Organization"": [""St Pius X High School""], ""Person"": [""Mike Cito""], ""Miscellaneous"": []}"
One of the players need 10 stitches to a cut on his forearm .,[],"{""Location"": [], ""Organization"": [], ""Person"": [], ""Miscellaneous"": []}"
"Officials said the New Mexico Activities Association decided to bar Cito from any inter-scholastic competition until next October , regardless of the school he attends .","[{""Description"": ""Organization"", ""Text"": ""New Mexico Activities Association""}, {""Description"": ""Person"", ""Text"": ""Cito""}]","{""Location"": [], ""Organization"": [""New Mexico Activities Association""], ""Person"": [""Cito""], ""Miscellaneous"": []}"
"Cito 's father , Stephen Cito , had admitted filing the metal buckles to a fine edge , saying he did it to get even with the referee and with players who had roughed up his son in a previous game .","[{""Description"": ""Person"", ""Text"": ""Cito""}, {""Description"": ""Person"", ""Text"": ""Stephen Cito""}]","{""Location"": [], ""Organization"": [], ""Person"": [""Cito"", ""Stephen Cito""], ""Miscellaneous"": []}"
Cyberspace squabbles overshadow copyright talks .,[],"{""Location"": [], ""Organization"": [], ""Person"": [], ""Miscellaneous"": []}"
Elif Kaban,"[{""Description"": ""Person"", ""Text"": ""Elif Kaban""}]","{""Location"": [], ""Organization"": [], ""Person"": [""Elif Kaban""], ""Miscellaneous"": []}"
GENEVA 1996-12-06,"[{""Description"": ""Location"", ""Text"": ""GENEVA""}]","{""Location"": [""GENEVA""], ""Organization"": [], ""Person"": [], ""Miscellaneous"": []}"
"In a gloomy Geneva conference centre built before the dawn of the Internet , groups of staid officials made a first stab on Friday at rewriting copyright laws for the digital age .","[{""Description"": ""Location"", ""Text"": ""Geneva""}, {""Description"": ""Miscellaneous"", ""Text"": ""Internet""}]","{""Location"": [""Geneva""], ""Organization"": [], ""Person"": [], ""Miscellaneous"": [""Internet""]}"
But critics at the first government-level meeting to revise copyright laws in 25 years said the officials and legislators might as well be trying to police the ether .,[],"{""Location"": [], ""Organization"": [], ""Person"": [], ""Miscellaneous"": []}"
"After four days of diplomatic wrangling over procedures , some 600 delegates from nations small and large got down to the nitty-gritty of setting the digital agenda for the first time .",[],"{""Location"": [], ""Organization"": [], ""Person"": [], ""Miscellaneous"": []}"
"Cyberspace squabbles overshadowed the debate on a stack of proposals covering literary and artistic works , the rights of performers and producers of music and producers of databases .",[],"{""Location"": [], ""Organization"": [], ""Person"": [], ""Miscellaneous"": []}"
" If it goes on like this , we wo n't have enough time to finish all the discussions ,  a frustrated Western delegate said . ",[],"{""Location"": [], ""Organization"": [], ""Person"": [], ""Miscellaneous"": []}"
They announced they will start evening sessions next week . ,[],"{""Location"": [], ""Organization"": [], ""Person"": [], ""Miscellaneous"": []}"
Attempts by copyright-based industries to ensure they get a cut from online works led to a storm of protests by Internet companies and critics who say the pacts would curb public access to online information from soccer results to stock prices .,"[{""Description"": ""Miscellaneous"", ""Text"": ""Internet""}]","{""Location"": [], ""Organization"": [], ""Person"": [], ""Miscellaneous"": [""Internet""]}"
 It 's not illegal to make photocopies of newspaper articles .,[],"{""Location"": [], ""Organization"": [], ""Person"": [], ""Miscellaneous"": []}"
It 's fair use .,[],"{""Location"": [], ""Organization"": [], ""Person"": [], ""Miscellaneous"": []}"
We can read sports statistics or stock prices .,[],"{""Location"": [], ""Organization"": [], ""Person"": [], ""Miscellaneous"": []}"
"But with the treaty , this kind of fact will be owned and subject to licensing ,  said James Love , a consumer lobbyist heading the Washington-based Consumer Project on Technology .","[{""Description"": ""Person"", ""Text"": ""James Love""}, {""Description"": ""Miscellaneous"", ""Text"": ""Washington-based""}, {""Description"": ""Person"", ""Text"": ""Consumer Project""}]","{""Location"": [], ""Organization"": [], ""Person"": [""James Love"", ""Consumer Project""], ""Miscellaneous"": [""Washington-based""]}"
 None of the treaties are ready to move .,[],"{""Location"": [], ""Organization"": [], ""Person"": [], ""Miscellaneous"": []}"
These people do n't understand what they 're doing . ,[],"{""Location"": [], ""Organization"": [], ""Person"": [], ""Miscellaneous"": []}"
"At stake are billions of dollars and the future of the electronic information industry -- the coming medium for the distribution of music , films , literature , software and commerce .",[],"{""Location"": [], ""Organization"": [], ""Person"": [], ""Miscellaneous"": []}"
"Supporters of the three pacts say they are only an extension of existing intellectual property rights , covered by the century-old Berne Convention .","[{""Description"": ""Miscellaneous"", ""Text"": ""Berne Convention""}]","{""Location"": [], ""Organization"": [], ""Person"": [], ""Miscellaneous"": [""Berne Convention""]}"
"But an array of opponents from the network industry to consumer , scientific and academic groups say the pacts will give sweeping powers to entertainment and copyright-based industries .",[],"{""Location"": [], ""Organization"": [], ""Person"": [], ""Miscellaneous"": []}"
A quick survey at the conference centre found few officials who had actually surfed the Internet .,"[{""Description"": ""Miscellaneous"", ""Text"": ""Internet""}]","{""Location"": [], ""Organization"": [], ""Person"": [], ""Miscellaneous"": [""Internet""]}"
"Mongolia 's state copyright official , Gundegma Jargalshaihan , said apologetically that he had just arrived from Ulan Bator and was not aware of the details of the digital agenda .","[{""Description"": ""Location"", ""Text"": ""Mongolia""}, {""Description"": ""Person"", ""Text"": ""Gundegma Jargalshaihan""}, {""Description"": ""Location"", ""Text"": ""Ulan Bator""}]","{""Location"": [""Mongolia"", ""Ulan Bator""], ""Organization"": [], ""Person"": [""Gundegma Jargalshaihan""], ""Miscellaneous"": []}"
" We do n't have money for Internet in Mongolia ,  he added .","[{""Description"": ""Miscellaneous"", ""Text"": ""Internet""}, {""Description"": ""Location"", ""Text"": ""Mongolia""}]","{""Location"": [""Mongolia""], ""Organization"": [], ""Person"": [], ""Miscellaneous"": [""Internet""]}"
"Alexander Bavykin , deputy legal chief at Russia 's foreign ministry , said Moscow had yet to formulate a policy on copyright in cybersppace .","[{""Description"": ""Person"", ""Text"": ""Alexander Bavykin""}, {""Description"": ""Location"", ""Text"": ""Russia""}, {""Description"": ""Location"", ""Text"": ""Moscow""}]","{""Location"": [""Russia"", ""Moscow""], ""Organization"": [], ""Person"": [""Alexander Bavykin""], ""Miscellaneous"": []}"
He too had never browsed the Net .,[],"{""Location"": [], ""Organization"": [], ""Person"": [], ""Miscellaneous"": []}"
 I 've never tried it and why should I ?,[],"{""Location"": [], ""Organization"": [], ""Person"": [], ""Miscellaneous"": []}"
"There are lots of other things in this life I have n't tried either ,  he said .",[],"{""Location"": [], ""Organization"": [], ""Person"": [], ""Miscellaneous"": []}"
A visit to the computer centre offering Internet services found a lone European official clicking away on his mouse .,"[{""Description"": ""Miscellaneous"", ""Text"": ""Internet""}, {""Description"": ""Miscellaneous"", ""Text"": ""European""}]","{""Location"": [], ""Organization"": [], ""Person"": [], ""Miscellaneous"": [""Internet"", ""European""]}"
" Internet is a potential cash cow for copyright-based industries and we need roadmaps on the information superhighway ,  said Marc Pearl , vice-president of the Information Technology Association of America , a trade association of U.S. network companies opposing the treaties .","[{""Description"": ""Miscellaneous"", ""Text"": ""Internet""}, {""Description"": ""Person"", ""Text"": ""Marc Pearl""}, {""Description"": ""Organization"", ""Text"": ""Information Technology Association of America""}, {""Description"": ""Location"", ""Text"": ""U.S.""}]","{""Location"": [""U.S.""], ""Organization"": [""Information Technology Association of America""], ""Person"": [""Marc Pearl""], ""Miscellaneous"": [""Internet""]}"
 But there are a lot of dinosaurs here .,[],"{""Location"": [], ""Organization"": [], ""Person"": [], ""Miscellaneous"": []}"
People here do n't understand Internet technology .,"[{""Description"": ""Miscellaneous"", ""Text"": ""Internet""}]","{""Location"": [], ""Organization"": [], ""Person"": [], ""Miscellaneous"": [""Internet""]}"
"Because they do n't understand technology , they fear the unknown . ",[],"{""Location"": [], ""Organization"": [], ""Person"": [], ""Miscellaneous"": []}"
"Before the Internet , those whose business was to protect copyrights knew where they stood .","[{""Description"": ""Miscellaneous"", ""Text"": ""Internet""}]","{""Location"": [], ""Organization"": [], ""Person"": [], ""Miscellaneous"": [""Internet""]}"
"Their enemies were tangible if elusive , such as the people who pirated music cassettes .",[],"{""Location"": [], ""Organization"": [], ""Person"": [], ""Miscellaneous"": []}"
"But the Internet , a global computer network where anything from music to software can be duplicated and distributed at the click of a computer mouse , has ripped up the rulebooks .","[{""Description"": ""Miscellaneous"", ""Text"": ""Internet""}]","{""Location"": [], ""Organization"": [], ""Person"": [], ""Miscellaneous"": [""Internet""]}"
Network operators said the draft laws would hold them responsible for copyright infringements in the system and expose them to multi-billion-dollar liabilities .,"[{""Description"": ""Miscellaneous"", ""Text"": ""Network""}]","{""Location"": [], ""Organization"": [], ""Person"": [], ""Miscellaneous"": [""Network""]}"
" There are 500 million messages transmitted through the Internet everyday ,  said Tim Casey of the U.S.-based MCI Communications Corporation . ","[{""Description"": ""Miscellaneous"", ""Text"": ""Internet""}, {""Description"": ""Person"", ""Text"": ""Tim Casey""}, {""Description"": ""Miscellaneous"", ""Text"": ""U.S.-based""}, {""Description"": ""Organization"", ""Text"": ""MCI Communications Corporation""}]","{""Location"": [], ""Organization"": [""MCI Communications Corporation""], ""Person"": [""Tim Casey""], ""Miscellaneous"": [""Internet"", ""U.S.-based""]}"
How can we control them all ? ,[],"{""Location"": [], ""Organization"": [], ""Person"": [], ""Miscellaneous"": []}"
Italy evacuates 17 nuns and priests from Zaire .,"[{""Description"": ""Location"", ""Text"": ""Italy""}, {""Description"": ""Location"", ""Text"": ""Zaire""}]","{""Location"": [""Italy"", ""Zaire""], ""Organization"": [], ""Person"": [], ""Miscellaneous"": []}"
ROME 1996-12-06,"[{""Description"": ""Location"", ""Text"": ""ROME""}]","{""Location"": [""ROME""], ""Organization"": [], ""Person"": [], ""Miscellaneous"": []}"
Italy said on Friday it had evacuated 17 Roman Catholic nuns and priests from Zaire where they had been at risk from fighting between government troops and ethnic Tutsi rebels .,"[{""Description"": ""Location"", ""Text"": ""Italy""}, {""Description"": ""Miscellaneous"", ""Text"": ""Roman Catholic""}, {""Description"": ""Location"", ""Text"": ""Zaire""}, {""Description"": ""Miscellaneous"", ""Text"": ""Tutsi""}]","{""Location"": [""Italy"", ""Zaire""], ""Organization"": [], ""Person"": [], ""Miscellaneous"": [""Roman Catholic"", ""Tutsi""]}"
The Foreign Ministry said the 10 Europeans and seven Africans took a special flight from the Garamba national park in northern Zaire to the Ugandan capital Kampala where they were being looked after at the Italian embassy .,"[{""Description"": ""Organization"", ""Text"": ""Foreign Ministry""}, {""Description"": ""Miscellaneous"", ""Text"": ""Europeans""}, {""Description"": ""Miscellaneous"", ""Text"": ""Africans""}, {""Description"": ""Location"", ""Text"": ""Garamba""}, {""Description"": ""Location"", ""Text"": ""Zaire""}, {""Description"": ""Miscellaneous"", ""Text"": ""Ugandan""}, {""Description"": ""Location"", ""Text"": ""Kampala""}, {""Description"": ""Miscellaneous"", ""Text"": ""Italian""}]","{""Location"": [""Garamba"", ""Zaire"", ""Kampala""], ""Organization"": [""Foreign Ministry""], ""Person"": [], ""Miscellaneous"": [""Europeans"", ""Africans"", ""Ugandan"", ""Italian""]}"
"The group had travelled from their mission on the edge of the park to a landing strip to make the rendezvous , a ministry official said .",[],"{""Location"": [], ""Organization"": [], ""Person"": [], ""Miscellaneous"": []}"
"The ministry said the group consisted of 13 nuns , seven Italians and six Zaireans , and four priests , two from Belgium , one from Spain and one from Zambia .","[{""Description"": ""Miscellaneous"", ""Text"": ""Italians""}, {""Description"": ""Miscellaneous"", ""Text"": ""Zaireans""}, {""Description"": ""Location"", ""Text"": ""Belgium""}, {""Description"": ""Location"", ""Text"": ""Spain""}, {""Description"": ""Location"", ""Text"": ""Zambia""}]","{""Location"": [""Belgium"", ""Spain"", ""Zambia""], ""Organization"": [], ""Person"": [], ""Miscellaneous"": [""Italians"", ""Zaireans""]}"
Third Paris blast victim was Moroccan student .,"[{""Description"": ""Location"", ""Text"": ""Paris""}, {""Description"": ""Miscellaneous"", ""Text"": ""Moroccan""}]","{""Location"": [""Paris""], ""Organization"": [], ""Person"": [], ""Miscellaneous"": [""Moroccan""]}"
PARIS 1996-12-06,"[{""Description"": ""Location"", ""Text"": ""PARIS""}]","{""Location"": [""PARIS""], ""Organization"": [], ""Person"": [], ""Miscellaneous"": []}"
"Moroccan Mohamed Benchaou , the third person to die after a bombing on a Paris train , was a 25-year-old student about to submit a mathematics doctorate , the Moroccan embassy said on Friday .","[{""Description"": ""Miscellaneous"", ""Text"": ""Moroccan""}, {""Description"": ""Person"", ""Text"": ""Mohamed Benchaou""}, {""Description"": ""Location"", ""Text"": ""Paris""}, {""Description"": ""Miscellaneous"", ""Text"": ""Moroccan""}]","{""Location"": [""Paris""], ""Organization"": [], ""Person"": [""Mohamed Benchaou""], ""Miscellaneous"": [""Moroccan"", ""Moroccan""]}"
"Benchaou died of his injuries on Thursday night , two days after the blast .","[{""Description"": ""Person"", ""Text"": ""Benchaou""}]","{""Location"": [], ""Organization"": [], ""Person"": [""Benchaou""], ""Miscellaneous"": []}"
A newly-married Canadian woman and a man from New Caledonia died instantly in the bomb that injured 90 others in the rush-hour train .,"[{""Description"": ""Miscellaneous"", ""Text"": ""Canadian""}, {""Description"": ""Location"", ""Text"": ""New Caledonia""}]","{""Location"": [""New Caledonia""], ""Organization"": [], ""Person"": [], ""Miscellaneous"": [""Canadian""]}"
"An embassy spokesman said Benchaou , the son of a Moroccan army colonel , had been due to take his doctorate in March and hoped to become a teacher .","[{""Description"": ""Person"", ""Text"": ""Benchaou""}, {""Description"": ""Miscellaneous"", ""Text"": ""Moroccan""}]","{""Location"": [], ""Organization"": [], ""Person"": [""Benchaou""], ""Miscellaneous"": [""Moroccan""]}"
Investigators have said the explosion bore the hallmarks of Algerian Moslem fundamentalists who staged a series of bombings last year which killed eight people and injured more than 160 .,"[{""Description"": ""Miscellaneous"", ""Text"": ""Algerian""}, {""Description"": ""Miscellaneous"", ""Text"": ""Moslem""}]","{""Location"": [], ""Organization"": [], ""Person"": [], ""Miscellaneous"": [""Algerian"", ""Moslem""]}"
Italian President urges separatists to turn back .,"[{""Description"": ""Miscellaneous"", ""Text"": ""Italian""}]","{""Location"": [], ""Organization"": [], ""Person"": [], ""Miscellaneous"": [""Italian""]}"
"MANTUA , Italy 1996-12-06","[{""Description"": ""Location"", ""Text"": ""Italy""}]","{""Location"": [""Italy""], ""Organization"": [], ""Person"": [], ""Miscellaneous"": []}"
Italian President Oscar Luigi Scalfaro visited the symbolic heartland of the separatist Northern League on Friday and appealed to its supporters to drop their campaign for a breakaway state .,"[{""Description"": ""Miscellaneous"", ""Text"": ""Italian""}, {""Description"": ""Person"", ""Text"": ""Oscar Luigi Scalfaro""}, {""Description"": ""Organization"", ""Text"": ""Northern League""}]","{""Location"": [], ""Organization"": [""Northern League""], ""Person"": [""Oscar Luigi Scalfaro""], ""Miscellaneous"": [""Italian""]}"
"Addressing a convention on Italian unity in Mantua , where the party has set up its own  parliament of the north  , Scalfaro made a direct appeal to what he called  my friends from the League  to work instead for federal reform .","[{""Description"": ""Miscellaneous"", ""Text"": ""Italian""}, {""Description"": ""Person"", ""Text"": ""Scalfaro""}, {""Description"": ""Organization"", ""Text"": ""League""}]","{""Location"": [], ""Organization"": [""League""], ""Person"": [""Scalfaro""], ""Miscellaneous"": [""Italian""]}"
" It is an invitation , a commitment , a promise .",[],"{""Location"": [], ""Organization"": [], ""Person"": [], ""Miscellaneous"": []}"
"Let 's march together ,  Scalfaro , a northerner himself , said .","[{""Description"": ""Location"", ""Text"": ""Let""}, {""Description"": ""Person"", ""Text"": ""Scalfaro""}]","{""Location"": [""Let""], ""Organization"": [], ""Person"": [""Scalfaro""], ""Miscellaneous"": []}"
" Help Italy to teach , to propose a capacity for strong local autonomy , for the federalism which can give new vigour to our blood .","[{""Description"": ""Location"", ""Text"": ""Italy""}]","{""Location"": [""Italy""], ""Organization"": [], ""Person"": [], ""Miscellaneous"": []}"
"But turn back from the line you are taking now ,  he said .",[],"{""Location"": [], ""Organization"": [], ""Person"": [], ""Miscellaneous"": []}"
Scalfaro was in Mantua to attend a ceremony commemorating the executions there by Austrian rulers in 1852 and 1853 of a group of Italians who had campaigned for national unity .,"[{""Description"": ""Person"", ""Text"": ""Scalfaro""}, {""Description"": ""Location"", ""Text"": ""Mantua""}, {""Description"": ""Miscellaneous"", ""Text"": ""Austrian""}, {""Description"": ""Miscellaneous"", ""Text"": ""Italians""}]","{""Location"": [""Mantua""], ""Organization"": [], ""Person"": [""Scalfaro""], ""Miscellaneous"": [""Austrian"", ""Italians""]}"
He was jeered and whistled at by a small group of League supporters when he arrived for a visit marked by heavy security .,"[{""Description"": ""Location"", ""Text"": ""League""}]","{""Location"": [""League""], ""Organization"": [], ""Person"": [], ""Miscellaneous"": []}"
"Witnesses said the protesters were outnumbered by other Italians who waved tricolour flags in the national red , white and green or shouted  Viva Italia  .","[{""Description"": ""Miscellaneous"", ""Text"": ""Italians""}, {""Description"": ""Location"", ""Text"": ""Italia""}]","{""Location"": [""Italia""], ""Organization"": [], ""Person"": [], ""Miscellaneous"": [""Italians""]}"
The League won more than eight percent of votes at the last general election in April on a federalist platform but its leader Umberto Bossi later switched to a separatist agenda .,"[{""Description"": ""Organization"", ""Text"": ""League""}, {""Description"": ""Person"", ""Text"": ""Umberto Bossi""}]","{""Location"": [], ""Organization"": [""League""], ""Person"": [""Umberto Bossi""], ""Miscellaneous"": []}"
"A three-day  independence  march along the Po River in September , culminating in a declaration in Venice of a self-styled  Republic of Padania  , flopped badly .","[{""Description"": ""Location"", ""Text"": ""Po""}, {""Description"": ""Location"", ""Text"": ""Venice""}, {""Description"": ""Location"", ""Text"": ""Republic of Padania""}]","{""Location"": [""Po"", ""Venice"", ""Republic of Padania""], ""Organization"": [], ""Person"": [], ""Miscellaneous"": []}"
Denmark 's Radiometer H1 result seen flat .,"[{""Description"": ""Location"", ""Text"": ""Denmark""}]","{""Location"": [""Denmark""], ""Organization"": [], ""Person"": [], ""Miscellaneous"": []}"
COPENHAGEN 1996-12-06,"[{""Description"": ""Location"", ""Text"": ""COPENHAGEN""}]","{""Location"": [""COPENHAGEN""], ""Organization"": [], ""Person"": [], ""Miscellaneous"": []}"
A Reuter consensus survey sees medical equipment group Radiometer reporting largely unchanged earnings when it publishes first half 19996/97 results next Wednesday .,"[{""Description"": ""Organization"", ""Text"": ""Reuter""}, {""Description"": ""Organization"", ""Text"": ""Radiometer""}, {""Description"": ""Organization"", ""Text"": ""Wednesday""}]","{""Location"": [], ""Organization"": [""Reuter"", ""Radiometer"", ""Wednesday""], ""Person"": [], ""Miscellaneous"": []}"
An average of four analysts ' forecasts predicted pre-tax profit of 147.3 million crowns compared to 144.5 million in the first six months of 1995/96 .,[],"{""Location"": [], ""Organization"": [], ""Person"": [], ""Miscellaneous"": []}"
"They said that the group 's failure to introduce new products was behind the share 's weak performance in 1996 , during which it has lost seven percent so far .",[],"{""Location"": [], ""Organization"": [], ""Person"": [], ""Miscellaneous"": []}"
"-- Soeren Linding Jakobsen , Copenhagen newsroom +45 33969650","[{""Description"": ""Person"", ""Text"": ""Soeren Linding Jakobsen""}, {""Description"": ""Location"", ""Text"": ""Copenhagen""}]","{""Location"": [""Copenhagen""], ""Organization"": [], ""Person"": [""Soeren Linding Jakobsen""], ""Miscellaneous"": []}"
Moslem fundamentalists kill 19 Algerians - agency .,"[{""Description"": ""Miscellaneous"", ""Text"": ""Moslem""}, {""Description"": ""Miscellaneous"", ""Text"": ""Algerians""}]","{""Location"": [], ""Organization"": [], ""Person"": [], ""Miscellaneous"": [""Moslem"", ""Algerians""]}"
PARIS 1996-12-06,"[{""Description"": ""Location"", ""Text"": ""PARIS""}]","{""Location"": [""PARIS""], ""Organization"": [], ""Person"": [], ""Miscellaneous"": []}"
"Moslem fundamentalists killed 19 civilians overnight in Blida province south of Algiers , Algerian security forces said on Friday .","[{""Description"": ""Miscellaneous"", ""Text"": ""Moslem""}, {""Description"": ""Location"", ""Text"": ""Blida""}, {""Description"": ""Location"", ""Text"": ""Algiers""}, {""Description"": ""Miscellaneous"", ""Text"": ""Algerian""}]","{""Location"": [""Blida"", ""Algiers""], ""Organization"": [], ""Person"": [], ""Miscellaneous"": [""Moslem"", ""Algerian""]}"
"In a statement carried on the official Algerian news agency APS , the security forces said the 19 had been killed by  a group of terrorists  .","[{""Description"": ""Miscellaneous"", ""Text"": ""Algerian""}, {""Description"": ""Organization"", ""Text"": ""APS""}]","{""Location"": [], ""Organization"": [""APS""], ""Person"": [], ""Miscellaneous"": [""Algerian""]}"
"Belgian police smash major drugs rings , 30 arrested .","[{""Description"": ""Miscellaneous"", ""Text"": ""Belgian""}]","{""Location"": [], ""Organization"": [], ""Person"": [], ""Miscellaneous"": [""Belgian""]}"
BRUSSELS 1996-12-06,"[{""Description"": ""Location"", ""Text"": ""BRUSSELS""}]","{""Location"": [""BRUSSELS""], ""Organization"": [], ""Person"": [], ""Miscellaneous"": []}"
"Police smashed two drugs smuggling rings and arrested 30 people after a taxidriver in Spain alerted them to a suitcase of heroin left in his cab , Belgian police said on Friday .","[{""Description"": ""Location"", ""Text"": ""Spain""}, {""Description"": ""Miscellaneous"", ""Text"": ""Belgian""}]","{""Location"": [""Spain""], ""Organization"": [], ""Person"": [], ""Miscellaneous"": [""Belgian""]}"
"Police seized dozens of kilos of heroin with a street value of hundreds of millions of Belgian francs , a public prosecutor 's office spokesman in the port city of Antwerp said .","[{""Description"": ""Miscellaneous"", ""Text"": ""Belgian""}, {""Description"": ""Organization"", ""Text"": ""Antwerp""}]","{""Location"": [], ""Organization"": [""Antwerp""], ""Person"": [], ""Miscellaneous"": [""Belgian""]}"
He said a 24-year-old Belgian woman left a suitcase containing 13 kg ( 29 lb ) of heroin in a taxi in Barcelona .,"[{""Description"": ""Miscellaneous"", ""Text"": ""Belgian""}, {""Description"": ""Location"", ""Text"": ""Barcelona""}]","{""Location"": [""Barcelona""], ""Organization"": [], ""Person"": [], ""Miscellaneous"": [""Belgian""]}"
The taxidriver alerted police who arrested a 33-year-old Turkish man when he came to pick up the suitcase at a lost luggage office .,"[{""Description"": ""Miscellaneous"", ""Text"": ""Turkish""}]","{""Location"": [], ""Organization"": [], ""Person"": [], ""Miscellaneous"": [""Turkish""]}"
The woman was later arrested in Belgium .,"[{""Description"": ""Location"", ""Text"": ""Belgium""}]","{""Location"": [""Belgium""], ""Organization"": [], ""Person"": [], ""Miscellaneous"": []}"
"She and the Turkish man smuggled heroin from Turkey to Antwerp from where it was taken to Spain , France and Germany by others , the spokesman said .","[{""Description"": ""Miscellaneous"", ""Text"": ""Turkish""}, {""Description"": ""Location"", ""Text"": ""Turkey""}, {""Description"": ""Organization"", ""Text"": ""Antwerp""}, {""Description"": ""Location"", ""Text"": ""Spain""}, {""Description"": ""Location"", ""Text"": ""France""}, {""Description"": ""Location"", ""Text"": ""Germany""}]","{""Location"": [""Turkey"", ""Spain"", ""France"", ""Germany""], ""Organization"": [""Antwerp""], ""Person"": [], ""Miscellaneous"": [""Turkish""]}"
He said 14 people were arrested in Belgium and 16 others in other European nations after an investigation lasting nearly a year .,"[{""Description"": ""Location"", ""Text"": ""Belgium""}, {""Description"": ""Miscellaneous"", ""Text"": ""European""}]","{""Location"": [""Belgium""], ""Organization"": [], ""Person"": [], ""Miscellaneous"": [""European""]}"
( $ 1=32.14 Belgian Franc ),"[{""Description"": ""Miscellaneous"", ""Text"": ""Belgian""}]","{""Location"": [], ""Organization"": [], ""Person"": [], ""Miscellaneous"": [""Belgian""]}"
Port conditions update - Lloyds Shipping .,"[{""Description"": ""Organization"", ""Text"": ""Lloyds Shipping""}]","{""Location"": [], ""Organization"": [""Lloyds Shipping""], ""Person"": [], ""Miscellaneous"": []}"
"GREECE , Dec 5 - Greek port workers called off a strike which had kept the country 's ports closed , giving the government until Feb 1 to introduce a promised bonus scheme .","[{""Description"": ""Location"", ""Text"": ""GREECE""}, {""Description"": ""Miscellaneous"", ""Text"": ""Greek""}]","{""Location"": [""GREECE""], ""Organization"": [], ""Person"": [], ""Miscellaneous"": [""Greek""]}"
German Jan-August coffee imports detailed .,"[{""Description"": ""Miscellaneous"", ""Text"": ""German""}]","{""Location"": [], ""Organization"": [], ""Person"": [], ""Miscellaneous"": [""German""]}"
HAMBURG 1996-12-06,"[{""Description"": ""Location"", ""Text"": ""HAMBURG""}]","{""Location"": [""HAMBURG""], ""Organization"": [], ""Person"": [], ""Miscellaneous"": []}"
"German net green coffee imports from outside the EU totalled 7.73 million bags in January-August compared with 7.66 million in the year-ago period , the DKV coffee association said .","[{""Description"": ""Miscellaneous"", ""Text"": ""German""}, {""Description"": ""Organization"", ""Text"": ""EU""}, {""Description"": ""Organization"", ""Text"": ""DKV""}]","{""Location"": [], ""Organization"": [""EU"", ""DKV""], ""Person"": [], ""Miscellaneous"": [""German""]}"
"Imports of 1.04 million bags in August were down from 1.08 million in August 1995 but up from 992,860 bags in July 1996 .",[],"{""Location"": [], ""Organization"": [], ""Person"": [], ""Miscellaneous"": []}"
"Colombia shipped 198,226 bags in August after 164,185 in July , El Salvador 160,553 ( 129,184 ) , Indonesia 72,218 ( 78,959 ) , Ethiopia 69,252 ( 60,456 ) and Kenya 63,969 ( 60,043 ) .","[{""Description"": ""Location"", ""Text"": ""Colombia""}, {""Description"": ""Location"", ""Text"": ""El Salvador""}, {""Description"": ""Location"", ""Text"": ""Indonesia""}, {""Description"": ""Location"", ""Text"": ""Ethiopia""}, {""Description"": ""Location"", ""Text"": ""Kenya""}]","{""Location"": [""Colombia"", ""El Salvador"", ""Indonesia"", ""Ethiopia"", ""Kenya""], ""Organization"": [], ""Person"": [], ""Miscellaneous"": []}"
"Brazil was in seventh position with 54,333 bags ( 29,055 ) .","[{""Description"": ""Location"", ""Text"": ""Brazil""}]","{""Location"": [""Brazil""], ""Organization"": [], ""Person"": [], ""Miscellaneous"": []}"
-- Hamburg newsroom +49-40-41903275,"[{""Description"": ""Location"", ""Text"": ""Hamburg""}]","{""Location"": [""Hamburg""], ""Organization"": [], ""Person"": [], ""Miscellaneous"": []}"
Munich Re says to split stock .,"[{""Description"": ""Organization"", ""Text"": ""Munich Re""}]","{""Location"": [], ""Organization"": [""Munich Re""], ""Person"": [], ""Miscellaneous"": []}"
"MUNICH , Germany 1996-12-06","[{""Description"": ""Location"", ""Text"": ""MUNICH""}, {""Description"": ""Location"", ""Text"": ""Germany""}]","{""Location"": [""MUNICH"", ""Germany""], ""Organization"": [], ""Person"": [], ""Miscellaneous"": []}"
"Muenchener Rueckversicherungs AG , the world 's largest reinsurer , said on Friday it expected to switch its shares to a lower par value by September 1997 at the earliest .","[{""Description"": ""Miscellaneous"", ""Text"": ""Muenchener""}, {""Description"": ""Organization"", ""Text"": ""Rueckversicherungs AG""}]","{""Location"": [], ""Organization"": [""Rueckversicherungs AG""], ""Person"": [], ""Miscellaneous"": [""Muenchener""]}"
"The group , known as Munich Re , plans to seek approval for the move at its shareholders ' meeting today .","[{""Description"": ""Organization"", ""Text"": ""Munich Re""}]","{""Location"": [], ""Organization"": [""Munich Re""], ""Person"": [], ""Miscellaneous"": []}"
The company said the switch would probably become effective in September .,[],"{""Location"": [], ""Organization"": [], ""Person"": [], ""Miscellaneous"": []}"
"The planned 10-for-one stock split would reduce the par value of Munich Re 's shares to five marks from 50 , causing their price to drop to around one tenth of the present value .","[{""Description"": ""Organization"", ""Text"": ""Munich Re""}]","{""Location"": [], ""Organization"": [""Munich Re""], ""Person"": [], ""Miscellaneous"": []}"
"Munich Re 's registered shares , part of the blue-chip DAX index , were trading at 3,710 marks on Friday .","[{""Description"": ""Organization"", ""Text"": ""Munich Re""}, {""Description"": ""Miscellaneous"", ""Text"": ""DAX""}]","{""Location"": [], ""Organization"": [""Munich Re""], ""Person"": [], ""Miscellaneous"": [""DAX""]}"
"-- Frankfurt Newsroom , +49 69 756525","[{""Description"": ""Organization"", ""Text"": ""Frankfurt Newsroom""}]","{""Location"": [], ""Organization"": [""Frankfurt Newsroom""], ""Person"": [], ""Miscellaneous"": []}"
EU experts postpone talks on rice area aid .,"[{""Description"": ""Organization"", ""Text"": ""EU""}]","{""Location"": [], ""Organization"": [""EU""], ""Person"": [], ""Miscellaneous"": []}"
BRUSSELS 1996-12-06,"[{""Description"": ""Location"", ""Text"": ""BRUSSELS""}]","{""Location"": [""BRUSSELS""], ""Organization"": [], ""Person"": [], ""Miscellaneous"": []}"
"European Union rice experts on Thursday postponed discussion on area aid payments to rice producers because the documents were not available in all the EU languages , an EU offcial said on Friday .","[{""Description"": ""Organization"", ""Text"": ""European Union""}, {""Description"": ""Organization"", ""Text"": ""EU""}, {""Description"": ""Organization"", ""Text"": ""EU""}]","{""Location"": [], ""Organization"": [""European Union"", ""EU"", ""EU""], ""Person"": [], ""Miscellaneous"": []}"
" The discussion in the experts group had to be postponed because the documents needed to be translated into the official languages and the item will be on next week 's agenda ,  the offcial said .",[],"{""Location"": [], ""Organization"": [], ""Person"": [], ""Miscellaneous"": []}"
European rice producers are due to get compensatory area aid payments similar to those paid to cereal producers because of cuts in intervention prices .,"[{""Description"": ""Miscellaneous"", ""Text"": ""European""}]","{""Location"": [], ""Organization"": [], ""Person"": [], ""Miscellaneous"": [""European""]}"
-- Brussels Newsroom 32 2 287 6800,"[{""Description"": ""Organization"", ""Text"": ""Brussels Newsroom""}]","{""Location"": [], ""Organization"": [""Brussels Newsroom""], ""Person"": [], ""Miscellaneous"": []}"
Frankfurt dollar fix 1.5338 marks .,"[{""Description"": ""Location"", ""Text"": ""Frankfurt""}]","{""Location"": [""Frankfurt""], ""Organization"": [], ""Person"": [], ""Miscellaneous"": []}"
FRANKFURT 1996-12-06,"[{""Description"": ""Location"", ""Text"": ""FRANKFURT""}]","{""Location"": [""FRANKFURT""], ""Organization"": [], ""Person"": [], ""Miscellaneous"": []}"
"The dollar was fixed at 1.5338 marks in Frankfurt on Friday , after 1.5607 marks on Thursday .","[{""Description"": ""Location"", ""Text"": ""Frankfurt""}]","{""Location"": [""Frankfurt""], ""Organization"": [], ""Person"": [], ""Miscellaneous"": []}"
There was no Bundesbank intervention .,"[{""Description"": ""Organization"", ""Text"": ""Bundesbank""}]","{""Location"": [], ""Organization"": [""Bundesbank""], ""Person"": [], ""Miscellaneous"": []}"
John Lewis UK store sales up 4.5   in week .,"[{""Description"": ""Organization"", ""Text"": ""John Lewis UK""}]","{""Location"": [], ""Organization"": [""John Lewis UK""], ""Person"": [], ""Miscellaneous"": []}"
LONDON 1996-12-06,"[{""Description"": ""Location"", ""Text"": ""LONDON""}]","{""Location"": [""LONDON""], ""Organization"": [], ""Person"": [], ""Miscellaneous"": []}"
The John Lewis Partnership said its UK department store sales rose 4.5 percent in the week to November 30 compared with the same week a year earlier .,"[{""Description"": ""Person"", ""Text"": ""John Lewis""}, {""Description"": ""Location"", ""Text"": ""UK""}]","{""Location"": [""UK""], ""Organization"": [], ""Person"": [""John Lewis""], ""Miscellaneous"": []}"
"In the 18 weeks to November 30 , sales were up 13.6 percent year-on-year .",[],"{""Location"": [], ""Organization"": [], ""Person"": [], ""Miscellaneous"": []}"
"Total sales , including the Waitrose supermarket chain , rose 5.8 percent in the week and were up 11.4 percent in the 18-week period .","[{""Description"": ""Organization"", ""Text"": ""Waitrose""}]","{""Location"": [], ""Organization"": [""Waitrose""], ""Person"": [], ""Miscellaneous"": []}"
"-- Rosemary Bennett , London Newsroom 44 171 542 2774","[{""Description"": ""Person"", ""Text"": ""Rosemary Bennett""}, {""Description"": ""Organization"", ""Text"": ""London Newsroom""}]","{""Location"": [], ""Organization"": [""London Newsroom""], ""Person"": [""Rosemary Bennett""], ""Miscellaneous"": []}"
Timah at 15.625 in London at 0931 GMT .,"[{""Description"": ""Organization"", ""Text"": ""Timah""}, {""Description"": ""Location"", ""Text"": ""London""}, {""Description"": ""Miscellaneous"", ""Text"": ""GMT""}]","{""Location"": [""London""], ""Organization"": [""Timah""], ""Person"": [], ""Miscellaneous"": [""GMT""]}"
LONDON 1996-12-06,"[{""Description"": ""Location"", ""Text"": ""LONDON""}]","{""Location"": [""LONDON""], ""Organization"": [], ""Person"": [], ""Miscellaneous"": []}"
PT Tambang Timah was traded at $ 15.625 per GDR in London on Friday at around 0931 GMT .,"[{""Description"": ""Organization"", ""Text"": ""PT Tambang Timah""}, {""Description"": ""Location"", ""Text"": ""London""}, {""Description"": ""Miscellaneous"", ""Text"": ""GMT""}]","{""Location"": [""London""], ""Organization"": [""PT Tambang Timah""], ""Person"": [], ""Miscellaneous"": [""GMT""]}"
It recorded a low of $ 15.625 and a high of $ 15.725 .,[],"{""Location"": [], ""Organization"": [], ""Person"": [], ""Miscellaneous"": []}"
Its previous close on Thursday was $ 15.80 .,[],"{""Location"": [], ""Organization"": [], ""Person"": [], ""Miscellaneous"": []}"
One Global Depository Receipt represents 10 common shares .,[],"{""Location"": [], ""Organization"": [], ""Person"": [], ""Miscellaneous"": []}"
-- Jakarta newsroom +6221 384-6364,"[{""Description"": ""Location"", ""Text"": ""Jakarta""}]","{""Location"": [""Jakarta""], ""Organization"": [], ""Person"": [], ""Miscellaneous"": []}"
British  Euro-sceptic  says Clarke should resign .,"[{""Description"": ""Miscellaneous"", ""Text"": ""British""}, {""Description"": ""Miscellaneous"", ""Text"": ""Euro-sceptic""}, {""Description"": ""Person"", ""Text"": ""Clarke""}]","{""Location"": [], ""Organization"": [], ""Person"": [""Clarke""], ""Miscellaneous"": [""British"", ""Euro-sceptic""]}"
LONDON 1996-12-06,"[{""Description"": ""Location"", ""Text"": ""LONDON""}]","{""Location"": [""LONDON""], ""Organization"": [], ""Person"": [], ""Miscellaneous"": []}"
A  Euro-sceptic  member of the ruling Conservative party said on Thursday British finance minister Kenneth Clarke had to resign to prevent the party disintegrating over the issue of a single European currency .,"[{""Description"": ""Miscellaneous"", ""Text"": ""Euro-sceptic""}, {""Description"": ""Miscellaneous"", ""Text"": ""Conservative""}, {""Description"": ""Miscellaneous"", ""Text"": ""British""}, {""Description"": ""Person"", ""Text"": ""Kenneth Clarke""}, {""Description"": ""Miscellaneous"", ""Text"": ""European""}]","{""Location"": [], ""Organization"": [], ""Person"": [""Kenneth Clarke""], ""Miscellaneous"": [""Euro-sceptic"", ""Conservative"", ""British"", ""European""]}"
Member of Parliament Tony Marlow said the resignation of the chancellor of the exchequer was the only way to make the Conservatives electable in a general election which must take place by May next year .,"[{""Description"": ""Person"", ""Text"": ""Tony Marlow""}]","{""Location"": [], ""Organization"": [], ""Person"": [""Tony Marlow""], ""Miscellaneous"": []}"
 We have a divided and split Cabinet .,"[{""Description"": ""Organization"", ""Text"": ""Cabinet""}]","{""Location"": [], ""Organization"": [""Cabinet""], ""Person"": [], ""Miscellaneous"": []}"
