question,answer,options,llm_labeled_successfully,llm_label
"A 1-month-old male newborn is brought to the physician because of poor feeding, a hoarse cry, and lethargy for 1 week. The boy was born in Mozambique, from where he and his parents emigrated 2 weeks ago. He is at the 95th percentile for head circumference, 50th percentile for length, and 70th percentile for weight. Physical examination shows scleral icterus, an enlarged tongue, and generalized hypotonia. The abdomen is distended and there is a reducible, soft protruding mass at the umbilicus. Which of the following is the most likely cause of these findings?",Thyroid dysgenesis,"['Biliary atresia', 'Thyroid dysgenesis', 'Acid maltase deficiency', 'Beckwith-Wiedemann syndrome', 'Congenital toxoplasmosis']",yes,Biliary atresia
"A previously healthy 36-year-old man is brought to the physician by a friend because of fatigue and a depressed mood for the past few weeks. During this time, he has not been going to work and did not show up to meet his friends for two bowling nights. The friend is concerned that he may lose his job. He spends most of his time alone at home watching television on the couch. He has been waking up often at night and sometimes takes 20 minutes to go back to sleep. He has also been drinking half a pint of whiskey per day for 1 week. His wife left him 4 weeks ago and moved out of their house. His vital signs are within normal limits. On mental status examination, he is oriented to person, place and time. He displays a flattened affect and says that he “doesn't know how he can live without his wife.” He denies suicidal ideation. Which of the following is the next appropriate step in management?",Initiate cognitive behavioral therapy,"['Prescribe a short course of alprazolam', 'Initiate cognitive behavioral therapy', 'Prescribe a short course of duloxetine', 'Initiate disulfiram therapy', 'Hospitalize the patient\n""']",yes,Initiate cognitive behavioral therapy
"A 66-year-old male with a history of deep venous thrombosis is admitted to the hospital with shortness of breath and pleuritic chest pain. He is treated with an anticoagulant, but he develops significant hematochezia. His BP is now 105/60 and HR is 117; both were within normal limits on admission. The effects of the anticoagulant are virtually completely reversed with the administration of protamine. Which of the following was the anticoagulant most likely administered to this patient?",Heparin,"['Warfarin', 'Enoxaparin', 'Heparin', 'Bivalirudin', 'Dabigatran']",yes,Heparin
"A 39-year-old female presents with confusion. Her husband reports that she doesn't know where she is and cannot remember the date. She was recently diagnosed with small cell lung cancer. Vital signs are T 37C, HR 80, BP 120/80 mmHg, RR 14, and O2 sat 99% on room air. She is not orthostatic. Physical examination reveals moist mucous membranes and normal capillary refill. A basic metabolic profile reveals that serum sodium is 129. Regarding this patient's illness, which of the following is true?","Urinary osmolarity will be > 100, and this illness will not correct with saline infusion","['Urinary osmolarity will be > 100, and this illness will not correct with saline infusion', 'Urinary osmolarity will be < 100, and another potential cause of this disorder is excessive water drinking', 'Urinary sodium will be > 20 and fractional excretion of sodium will be >1%', 'Urinary sodium will be < 10, and fractional excretion of sodium will be <1%', 'Urinary sodium will be > 20 and another potential cause of this disorder is renal failure']",yes,Urinary sodium will be > 20 and fractional excretion of sodium will be >1%
A 59-year-old man comes to the physician because of a 1-year history of progressive shortness of breath and nonproductive cough. Pulmonary examination shows bibasilar inspiratory crackles. An x-ray of the chest shows multiple nodular opacities in the upper lobes and calcified hilar nodules. Pulmonary functions tests show an FEV1:FVC ratio of 80% and a severely decreased diffusing capacity for carbon monoxide. A biopsy specimen of a lung nodule shows weakly birefringent needles surrounded by concentric layers of hyalinized collagen. The patient has most likely been exposed to which of the following?,Crystalline silica,"['Beryllium', 'Crystalline silica', 'Moldy hay', 'Carbon dust', 'Asbestos fibers']",yes,Asbestos fibers
"A 66-year-old man is brought to the emergency department because of weakness of his left leg for the past hour. He was unable to get out of bed that morning. His pants are soaked with urine. He has hypertension and coronary artery disease. Current medications include enalapril, carvedilol, aspirin, and simvastatin. His temperature is 37°C (98.6F), pulse is 98/min, and blood pressure is 160/90 mm Hg. Examination shows equal pupils that are reactive to light. Muscle strength is 2/5 in the left lower extremity. Plantar reflex shows an extensor response on the left. Sensation is decreased in the left lower extremity. On mental status examination, he is oriented to time, place, and person and has a flat affect. When asked to count backwards from 20, he stops after counting to 17. When asked to name 10 words beginning with the letter “d,” he stops after naming two words. Fundoscopy shows no abnormalities. Which of the following is the most likely cause of this patient's symptoms?",Right anterior cerebral artery occlusion,"['Left middle cerebral artery occlusion', 'Right anterior cerebral artery occlusion', 'Right posterior cerebral artery occlusion', 'Left anterior cerebral artery occlusion', 'Hypertensive encephalopathy']",yes,Left middle cerebral artery occlusion
A 62-year-old man comes to the physician because of tremors in both hands for the past few months. He has had difficulty buttoning his shirts and holding a cup of coffee without spilling its content. He has noticed that his symptoms improve after a glass of whiskey. His maternal uncle began to develop similar symptoms around the same age. He has bronchial asthma controlled with albuterol and fluticasone. Examination shows a low-amplitude tremor bilaterally when the arms are outstretched that worsens during the finger-to-nose test. Which of the following is the most appropriate pharmacotherapy in this patient?,Primidone,"['Alprazolam', 'Levodopa', 'Primidone', 'Propranolol', 'Valproic acid']",yes,Levodopa
"A 15-year-old boy and his mother were referred to a pulmonology clinic. She is concerned that her son is having some breathing difficulty for the past few months, which is aggravated with exercise. The family is especially concerned because the patient’s older brother has cystic fibrosis. The past medical history is noncontributory. Today, the vital signs include: blood pressure 119/80 mm Hg, heart rate 90/min, respiratory rate 17/min, and temperature 37.0°C (98.6°F). On physical exam, he appears well-developed and well-nourished. The heart has a regular rate and rhythm, and the lungs are clear to auscultation bilaterally. During the exam, he is brought into a special room to test his breathing. A clamp is placed on his nose and he is asked to take in as much air as he can, and then forcefully expire all the air into a spirometer. The volume of expired air represents which of the following?",Vital capacity,"['Expiratory reserve volume', 'Functional residual capacity', 'Tidal volume', 'Total lung capacity', 'Vital capacity']",yes,Vital capacity
"A 33-year-old female presents with recent onset of painful urination, fever, and right flank pain. Urinary sediment analysis is positive for the presence of white blood cell casts and Gram-negative bacteria. She has not recently started any new medications. What is the most likely diagnosis in this patient?",Pyelonephritis,"['Pelvic Inflammatory Disease', 'Acute Interstitial Nephritis', 'Pyelonephritis', 'Cystitis', 'Appendicitis']",yes,Pyelonephritis
"A 15-year-old girl is brought to the physician for her annual physical examination. Breast and pubic hair development began at the age of 12 years, but menses have not yet occurred. She is 160 cm (5 ft 3 in) tall and weighs 54 kg (120 lb); BMI is 21 kg/m2. Physical examination shows normal external genitalia. Breast and pubic hair development are Tanner stage 5. A pelvic ultrasound shows normal ovaries but an absent uterus. These findings are most likely due to a defect in which of the following embryologic structures?",Paramesonephric duct,"['Mesonephric duct', 'Genital tubercle', 'Gubernaculum', 'Urogenital sinus', 'Paramesonephric duct']",yes,Paramesonephric duct
"A 45-year-old female presents to the emergency room as a trauma after a motor vehicle accident. The patient was a restrained passenger who collided with a drunk driver traveling approximately 45 mph. Upon impact, the passenger was able to extricate herself from the crushed car and was sitting on the ground at the scene of the accident. Her vitals are all stable. On physical exam, she is alert and oriented, speaking in complete sentences with a GCS of 15. She has a cervical spine collar in place and endorses exquisite cervical spine tenderness on palpation. Aside from her superficial abrasions on her right lower extremity, the rest of her examination including FAST exam is normal. Rapid hemoglobin testing is within normal limits. What is the next best step in management of this trauma patient?",CT cervical spine,"['CT cervical spine', 'Remove the patient’s cervical collar immediately', 'Discharge home and start physical therapy', 'Consult neurosurgery immediately', 'Initiate rapid sequence intubation.']",yes,CT cervical spine
"A 69-year-old woman is brought to the physician by her husband because of multiple falls and difficulty maintaining balance while standing or walking over the past year. During this period, she has had blurred vision and diplopia. Her husband has had difficulty understanding her speech for the past 3 months. She has become withdrawn and now refuses to go to social gatherings. Examination shows a broad-based gait and dysarthria. The visual acuity is 20/20 in each eye. There is conjugate limitation of both eyes while looking down. Muscle tone is increased in bilateral upper extremities. Bradykinesia is present. Mental status examination shows apathy. She responds to questions with 1–2 words after a delay of several seconds. Grasp reflex is present. An MRI of the brain is most likely to show which of the following?",Midbrain atrophy with intact pons,"['Atrophy of cerebellum and brainstem', 'Asymmetric focal cortical atrophy', 'Midbrain atrophy with intact pons', 'Frontal atrophy with intact hippocampi', 'Enlarged ventricles with mild cortical atrophy']",yes,Atrophy of cerebellum and brainstem
"A 67-year-old man presents to his primary care provider with bloody urine. He first noticed the blood 1 week ago. He otherwise feels healthy. His past medical history is significant for type 2 diabetes mellitus for 18 years, for which he takes insulin injections. He has smoked 30–40 cigarettes per day for the past 29 years and drinks alcohol socially. Today his vital signs include: temperature 36.6°C (97.8°F), blood pressure 135/82 mm Hg, and heart rate 105/min. There are no findings on physical examination. Urinalysis shows 15–20 red cells/high power field. Which of the following is the next best test to evaluate this patient’s condition?",Contrast-enhanced CT,"['Urine cytology', 'Contrast-enhanced CT', 'Prostate-specific antigen', 'Biopsy', 'Urinary markers']",yes,Urine cytology
An investigator is studying the genetic profile of an isolated pathogen that proliferates within macrophages. The pathogen contains sulfatide on the surface of its cell wall to prevent fusion of the phagosome and lysosome. She finds that some of the organisms under investigation have mutations in a gene that encodes the enzyme required for synthesis of RNA from a DNA template. The mutations are most likely to reduce the therapeutic effect of which of the following drugs?,Rifampin,"['Streptomycin', 'Rifampin', 'Ethambutol', 'Pyrazinamide', 'Levofloxacin']",yes,Rifampin
"A 3-year-old boy is brought to the physician for a follow-up examination. He has lactose intolerance. His family emigrated from Somalia 6 months ago. He is at the 30th percentile for height and 15th percentile for weight. Vital signs are within normal limits. Examination shows pale conjunctivae, an erythematous throat, and swollen tongue. There is inflammation of the perioral and labial mucosa, and peeling and cracking of the skin at the corners of the mouth. Cardiopulmonary examination shows no abnormalities. His hemoglobin concentration is 9.8 g/dL and mean corpuscular volume is 87 μm3. If left untreated, this child is also most likely to develop which of the following?",Seborrheic dermatitis,"['Hypersegmented neutrophils', 'Keratomalacia', 'Ataxia', 'Dilated cardiomyopathy', 'Seborrheic dermatitis']",yes,Keratomalacia
"A 66-year-old man comes to the emergency department because of a 1-day history of chest pain, palpitations, and dyspnea on exertion. He had a similar episode 3 days ago and was diagnosed with an inferior wall myocardial infarction. He was admitted and a percutaneous transluminal coronary angioplasty was successfully done that day. A fractional flow reserve test during the procedure showed complete resolution of the stenosis. Laboratory tests including serum glucose, lipids, and blood count were within normal limits. He was discharged the day after the procedure on a drug regimen of aspirin, simvastatin, and isosorbide dinitrate. At the time of discharge, he had no chest pain or dyspnea. Presently, his vitals are normal and ECG at rest shows new T-wave inversion. Which of the following is the most reliable test for rapidly establishing the diagnosis in this patient?",Creatine kinase MB,"['Lactate dehydrogenase', 'Creatine kinase MB', 'Cardiac troponin T', 'Copeptin', 'Aspartate aminotransferase']",yes,Cardiac troponin T
An 18-year-old primigravid woman comes to the physician for her first prenatal visit at 20 weeks' gestation. There is no family history of serious illness. She appears healthy and well-nourished. The uterus is palpated up to the level of the umbilicus. Laboratory studies show a maternal serum α-fetoprotein concentration of 8.2 MoM (N = 0.5–2.0). Ultrasonography shows a defect in the fetal abdominal wall to the right of the umbilical cord. A part of the fetus' bowels herniates through the abdominal defect and is suspended freely in the amniotic fluid. This fetus's condition is most likely associated with which of the following?,Intestinal dysmotility,"['Chromosomal trisomy', 'Spina bifida', 'Intestinal dysmotility', 'Bladder exstrophy', 'Beckwith-Wiedemann syndrome']",yes,Spina bifida
"A 21-year-old ِAfrican American woman presents with difficulty breathing, chest pain, and a non-productive cough. She says she took some ibuprofen earlier but it did not improve her pain. Past medical history is significant for sickle cell disease. Medications include hydroxyurea, iron, vitamin B12, and an oral contraceptive pill. She says she received a blood transfusion 6 months ago to reduce her Hgb S below 30%. Her vital signs include: temperature 38.2°C (100.7°F), blood pressure 112/71 mm Hg, pulse 105/min, oxygen saturation 91% on room air. A chest radiograph is performed and is shown in the exhibit. Which of the following is best initial step in the management of this patient’s condition?",Antibiotics and supportive care,"['Antibiotics and supportive care', 'ECG', 'CT angiography', 'Inhaled salbutamol and oral corticosteroid', 'Intra-articular corticosteroid injection with anesthetic']",yes,Antibiotics and supportive care
"A 32-year-old woman comes to the physician because of flank pain, myalgia, and reddish discoloration of her urine for the past 2 days. One week ago, she had a fever and a sore throat and was prescribed antibiotics. She is otherwise healthy and has no history of serious illness. Her temperature is 37.9°C (100.2°F), pulse is 70/min, and blood pressure is 128/75 mm Hg. Physical examination shows a soft abdomen and no costovertebral angle tenderness. Examination of the mouth and pharynx shows no abnormalities. There is a faint maculopapular rash over the trunk and extremities. Serum creatinine is 2.4 mg/dL. Urinalysis shows:
Protein 2+
Blood 2+
RBC 20–30/hpf
WBC 12/hpf
Bacteria none
Which of the following is the most likely diagnosis?""",Allergic interstitial nephritis,"['Allergic interstitial nephritis', 'Pyelonephritis', 'Crystal-induced acute kidney injury', 'Poststreptococcal glomerulonephritis', 'Thin basement membrane disease']",yes,Allergic interstitial nephritis
"Last night you admitted a 72-year-old woman with severe COPD in respiratory distress. She is currently intubated and sedated and her family is at bedside. At the completion of morning rounds, the patient's adult son asks that you and the team take a minute to pray with him for his mother. What is the most appropriate response?","""I understand what you are experiencing and am happy to take a minute.""","['""I\'m sorry, but this is a public hospital, so we cannot allow any group prayers.""', '""I understand what you are experiencing and am happy to take a minute.""', '""I also believe in the power of prayer, so I will pray with you and insist that the rest of team joins us.""', '""While I cannot offer you my prayers, I will work very hard to take care of your mother.""', '""I don\'t feel comfortable praying for patients, but I will happily refer you to pastoral care.""']",yes,I understand what you are experiencing and am happy to take a minute.
"A 12-month-old boy is brought to the physician for a well-child examination. He was born at 38 weeks' gestation and was 48 cm (19 in) in length and weighed 3061 g (6 lb 12 oz); he is currently 60 cm (24 in) in length and weighs 7,910 g (17 lb 7 oz). He can walk with one hand held and can throw a small ball. He can pick up an object between his thumb and index finger. He can wave 'bye-bye'. He can say 'mama', 'dada' and 'uh-oh'. He cries if left to play with a stranger alone. Physical examination shows no abnormalities. Which of the following is most likely delayed in this child?",Growth,"['Language skills', 'Gross motor skills', 'Growth', 'Fine motor skills', 'Social skills']",yes,Language skills
"A parent presents to her pediatrician requesting information about immunizations for her newborn. The pediatrician explains about basic principles of immunization, types of vaccines, possible adverse effects, and the immunization schedule. Regarding how immunizations work, the pediatrician explains that there are mainly 2 types of vaccines. The first type of vaccine provides stronger and more lasting immunity as it induces both cellular and humoral immune responses. The second type of vaccine produces mainly a humoral response only, and its overall efficacy is less as compared to the first type. Which of the following vaccines belongs to the first type of vaccine that the pediatrician is talking about?",Yellow fever vaccine,"['Yellow fever vaccine', 'Rabies vaccine', 'Hepatitis A vaccine', 'Polio vaccine (Salk)', 'Hepatitis B vaccine']",yes,Polio vaccine (Salk)
A 35-year-old male is found to be infected with an HIV strain resistant to saquinavir and zidovudine. Which of the following best explains the drug resistance observed in this patient?,pol mutation,"['HIV evasion of host response', 'pol mutation', 'env mutation', 'CCR5 mutation', 'HBV co-infection']",yes,env mutation
"A 30-year-old man comes to the physician because of recurrent episodes of right-sided jaw pain over the past 3 months. The patient describes the pain as dull. He says it worsens throughout the day and with chewing, and that it can also be felt in his right ear. He also reports hearing a cracking sound while eating. Over the past 2 months, he has had several episodes of severe headache that improves slightly with ibuprofen intake. Vital signs are within normal limits. Physical examination shows limited jaw opening. Palpation of the face shows facial muscle spasms. Which of the following is the most likely underlying cause of this patient's symptoms?",Dysfunction of the temporomandibular joint,"['Dental abscess', 'Trigeminal nerve compression', 'Infection of the mandible', 'Dysfunction of the temporomandibular joint', 'Chronic inflammation of the sinuses\n""']",yes,Dysfunction of the temporomandibular joint
"A 19-year-old college student presents to student health with 1 day of fever and chills. He says that he has also been coughing for 2 days. His roommate was sick 3 days ago with similar symptoms and was diagnosed with Mycoplasma infection. He has otherwise been healthy and has had all the required vaccines as scheduled. He is currently taking introductory biology as part of his premedical studies and recently learned about antibodies. He therefore asks his physician about what his body is doing to fight off the infection. At this stage of his infection, which of the following forms are the antibodies circulating in his serum?",Pentamers,"['Dimers', 'Monomers', 'Pentamers', 'Tetramers', 'Trimers']",yes,Monomers
"A 71-year-old man with hypertension is taken to the emergency department after the sudden onset of stabbing abdominal pain that radiates to the back. He has smoked 1 pack of cigarettes daily for 20 years. His pulse is 120/min and thready, respirations are 18/min, and blood pressure is 82/54 mm Hg. Physical examination shows a periumbilical, pulsatile mass and abdominal bruit. There is epigastric tenderness. Which of the following is the most likely underlying mechanism of this patient's current condition?",Aortic wall stress,"['Aortic wall stress', 'Mesenteric atherosclerosis', 'Gastric mucosal ulceration', 'Abdominal wall defect', 'Portal vein stasis']",yes,Mesenteric atherosclerosis
"A 55-year-old female presents to the emergency room complaining of severe abdominal pain. She reports a six-month history of worsening dull mid-epigastric pain that she had attributed to stress at work. She has lost fifteen pounds over that time. She also reports that her stools have become bulky, foul-smelling, and greasy. Over the past few days, her abdominal pain acutely worsened and seemed to radiate to her back. She also developed mild pruritus and yellowing of her skin. Her temperature is 101°F (38.3°C), blood pressure is 145/85 mmHg, pulse is 110/min, and respirations are 20/min. On examination, her skin appears yellowed and she is tender to palpation in her mid-epigastrium and right upper quadrant. She is subsequently sent for imaging. If a mass is identified, what would be the most likely location of the mass?",Ampulla of Vater,"['Common hepatic duct', 'Cystic duct', 'Common bile duct', 'Pancreatic duct', 'Ampulla of Vater']",yes,Common bile duct
"A 51-year-old woman presents to the emergency department with a 2-day history of bilateral lower extremity swelling. She says that her legs do not hurt, but she noticed she was gaining weight and her legs were becoming larger. Her past medical history is significant for morbid obesity, hypertension, and hypercholesterolemia. She says the swelling started after she was recently started on a new medication to help her blood pressure, but she does not remember the name of the medication. Which of the following is the most likely the mechanism of action for the drug that was prescribed to this patient?",Inhibition of calcium channels,"['Inhibition of calcium channels', 'Inhibition of enzyme in the lung', 'Inhibition of hormone receptor', 'Potassium-sparing diuretic', 'Potassium-wasting diuretic']",yes,Inhibition of calcium channels
"A 50-year-old woman, gravida 5, para 5, comes to the physician for the evaluation of decreased sexual desire for approximately 6 months. She has been sexually active with her husband but reports that she has no desire in having sexual intercourse anymore. She states that she feels guilty and is worried about losing her husband if this problem goes on for a longer period of time. She also reports that they have had several fights recently due to financial problems. She has problems going to sleep and wakes up often, and is tired throughout the day. One year ago, the patient underwent hysterectomy with bilateral salpingo-oophorectomy due to uterine prolapse. Her last menstrual period was 2 years ago. She does not smoke. She drinks 3–4 glasses of wine daily. Vital signs are within normal limits. Physical examination shows no abnormalities except for an enlarged liver. Which of the following most likely explains this patient's loss of libido?",Decreased testosterone,"['Chronic alcohol intake', 'Major depressive disorder', 'Decreased testosterone', 'Elevated prolactin', 'Stress']",yes,Major depressive disorder
"A mother brings her 6-month-old boy to the emergency department. She reports that her son has been breathing faster than usual for the past 2 days, and she has noted occasional wheezing. She states that prior to the difficulty breathing, she noticed some clear nasal discharge for several days. The infant was born full-term, with no complications, and no significant medical history. His temperature is 100°F (37.8°C), blood pressure is 60/30 mmHg, pulse is 120/min, respirations are 40/min, and oxygen saturation is 95% on room air. Physical exam reveals expiratory wheezing, crackles diffusely, and intercostal retractions. The child is currently playing with toys. Which of the following is the most appropriate next step in management?",Monitoring,"['Albuterol', 'Azithromycin and ceftriaxone', 'Chest radiograph', 'Intubation', 'Monitoring']",yes,Albuterol
"A 56-year-old man with chronic kidney failure is brought to to the emergency department by ambulance after he passed out during dinner. On presentation, he is alert and complains of shortness of breath as well as chest palpitations. An EKG is obtained demonstrating an irregular rhythm consisting of QT amplitudes that vary in height over time. Other findings include uncontrolled contractions of his muscles. Tapping of his cheek does not elicit any response. Over-repletion of the serum abnormality in this case may lead to which of the following?",Bradycardia,"['Bradycardia', 'Diffuse calcifications', 'Kidney stones', 'Peaked T-waves', 'Seizures']",yes,Seizures
"A 39-year-old woman comes to the physician because of an 8-month history of progressive fatigue, shortness of breath, and palpitations. She has a history of recurrent episodes of joint pain and fever during childhood. She emigrated from India with her parents when she was 10 years old. Cardiac examination shows an opening snap followed by a late diastolic rumble, which is best heard at the fifth intercostal space in the left midclavicular line. This patient is at greatest risk for compression of which of the following structures?",Esophagus,"['Trachea', 'Thoracic duct', 'Vagus nerve', 'Hemiazygos vein', 'Esophagus']",yes,Hemiazygos vein
"A 72-year-old man presents to the physician with blood in his sputum for 3 days. He also mentions that he has had a cough for the last 3 months but thought that it was because of the winter season. He also has often experienced fatigue recently. His temperature is 37.0°C (98.6°F), the respiratory rate is 15/min, the pulse is 67/min, and the blood pressure is 122/98 mm Hg. Auscultation of his chest reveals normal heart sounds but localized rhonchi over the right infrascapular region. A detailed diagnostic evaluation including a complete blood count and other serum biochemistry, chest radiogram, computed tomography of chest and abdomen, magnetic resonance imaging of the brain, bone scan, and pulmonary function tests are ordered, which confirm a diagnosis of limited-disease small cell lung cancer of 2.5 cm (1 in) in diameter, located in the lower lobe of the right lung, with the involvement of ipsilateral hilar lymph nodes and intrapulmonary lymph nodes. The mediastinal, subcarinal, scalene or supraclavicular lymph nodes are not involved, and there is no distant metastasis. There is no additional comorbidity and his performance status is good. The patient does not have any contraindication to any chemotherapeutic agents or radiotherapy. Which of the following is the best treatment option for this patient?",Platinum-based chemotherapy plus etoposide and thoracic radiation therapy,"['Lobectomy with adjuvant topotecan-based chemotherapy', 'Pneumonectomy with adjuvant platinum-based chemotherapy and thoracic radiation therapy', 'Platinum-based chemotherapy plus etoposide and thoracic radiation therapy', 'Topotecan-based chemotherapy plus thoracic radiation therapy', 'Thoracic radiation therapy followed by prophylactic cranial irradiation']",yes,Platinum-based chemotherapy plus etoposide and thoracic radiation therapy
"A 1-year-old male presents to his pediatrician for a well-child visit. Through a history from the mother and physical examination, the pediatrician learns that the baby babbles non-specifically, takes several steps independently, and picks up his cereal using two fingers. His weight is currently 22 lbs (birth-weight 6 lbs, 9 oz), and his height is 30 inches (birth length 18 inches). Are there any aspects of this child's development that are delayed?",Language delay,"['Inadequate growth', 'Language delay', 'Gross motor skill delay', 'Fine motor skill delay', 'There are no developmental concerns']",yes,Language delay
"A 14-year-old boy is admitted to the emergency department with acute onset of confusion, malaise, diffuse abdominal pain, nausea, and a single episode of vomiting. He denies ingestion of any suspicious foods, fevers, respiratory symptoms, or any other symptoms preceding his current condition. However, he notes an increase in his liquid consumption and urinary frequency over the last 6 months. On physical examination, he is responsive but somnolent. His blood pressure is 90/50 mm Hg, heart rate is 101/min, respiratory rate is 21/min, temperature is 36.0°C (96.8°F), and SpO2 is 96% on room air. He has facial pallor and dry skin and mucous membranes. His lungs are clear to auscultation, and heart sounds are normal. His abdomen is soft with no rebound tenderness on palpation. Neurological examination is significant for 1+ deep tendon reflexes in all extremities. A dipstick test shows 3+ for ketones and glucose. The patient’s blood tests show the following findings:
RBCs 4.1 million/mm3
Hb 13.7 mg/dL
Hematocrit 56%
Leukocyte count 7,800/mm3
Platelet count 321,000/mm3
Glucose 565 mg/dL
Potassium 5.8 mEq/L
Sodium 136 mEq/L
ALT 15 U/L
AST 17 U/L
Amylase 88 U/L
Bicarbonate 19 mEq/L
BE −3 mEq/L
pH 7.3
pCO2 37 mm Hg
pO2 66 mm Hg
Which of the medications listed below should be administered to the patient intravenously?",Regular insulin,"['Isophane insulin', 'Insulin detemir', 'Cefazolin', 'Regular insulin', 'Potassium chloride']",yes,Regular insulin
"An investigator is studying the regulation of adrenal hormone synthesis in rats. The investigator takes serum concentrations of different hormones before and after intravenous administration of metyrapone, which inhibits adrenal 11β-hydroxylase. The serum concentration of which of the following hormones is most likely to be decreased after administration of this agent?",Epinephrine,"['Adrenocorticotropic hormone', 'Normetanephrine', 'Epinephrine', 'Dopamine', 'Dihydroxyphenylalanine\n""']",yes,Adrenocorticotropic hormone
"A 66-year-old male presents to the emergency room with shortness of breath with exertion and at rest for the past 5 days. His shortness of breath is mostly at night, and he is also concerned about bilateral leg swelling. He is a heart failure patient who is being managed with oral medication and has been compliant with his drugs. Physical examination reveals an elderly man in respiratory distress with abdominal distention and bilateral pitting ankle edema. Respiratory rate is 32/min, SpO2 is 93% in room air, and coarse crepitations are heard on both lung bases. Pulse rate is 73/min and barely palpable. His blood pressure is 79/54 mm Hg. On auscultation, a blowing holosystolic murmur is heard at the apex radiating to the left axilla. An echocardiography shows an ejection fraction of 18%. The physician decides to include an inotropic agent in his current medication. What would likely result from this intervention?",A decrease in the interval between the heart sounds S1 and S2,"['A decrease in the systemic vascular resistance', 'A decrease in the interval between the heart sounds S1 and S2', 'An increase in the left ventricular end-systolic volume', 'A decrease in the interval between the heart sounds S2 and S1', 'A decrease in the left ventricular end-diastolic pressure']",yes,An increase in the left ventricular end-systolic volume
A 32-year-old man presents to the emergency department with a severe headache. He says that the pain has been getting progressively worse over the last 24 hours and is located primarily in his left forehead and eye. The headaches have woken him up from sleep and it is not relieved by over-the-counter medications. He has been recovering from a sinus infection that started 1 week ago. His past medical history is significant for type 1 diabetes and he has a 10 pack-year history of smoking. Imaging shows thrombosis of a sinus above the sella turcica. Which of the following findings would most likely also be seen in this patient?,Ophthalmoplegia,"['Anosmia', 'Mandibular pain', 'Ophthalmoplegia', 'Vertigo', 'Vision loss']",yes,Ophthalmoplegia
"A scientist is studying the influenza A virus. He focuses on two strains – one from humans (H7N1) and one from horses (H3N8). He takes cells from chickens and coinfects these cells with both influenza strains. From these chicken cells, the scientist isolates a new strain and finds that this new strain can infect human cells. He further characterizes the new strain’s hemagglutinin and neuraminidase description as H7N8. What term best describes the process that underlies these experimental results?",Genetic shift,"['Conjugation', 'Transformation', 'Transduction', 'Genetic drift', 'Genetic shift']",yes,Genetic shift
"A 44-year-old woman presents to the outpatient clinic for the evaluation of amenorrhea which she noted roughly 4 months ago. Her monthly cycles up to that point were normal. Initially, she thought that it was related to early menopause; however, she has also noticed that she has a small amount of milk coming from her breasts as well. She denies any nausea, vomiting, or weight gain but has noticed that she has lost sight in the lateral fields of vision to the left and right. Her vital signs are unremarkable. Physical examination confirms bitemporal hemianopsia. What test is likely to reveal her diagnosis?",MRI brain,"['Urine pregnancy test', 'MRI brain', 'Serum estrogen and progesterone levels', 'Mammogram', 'Serum TSH and free T4']",yes,MRI brain
"A 36-year-old woman, gravida 2, para 1, at 26 weeks' gestation comes to the emergency department because of a gush of clear fluid from her vagina that occurred 1 hour prior. She reports painful pelvic cramping at regular 5-minute intervals. She has missed most of her prenatal care visit because of financial problems from her recent divorce. Her first child was delivered vaginally at 27 weeks' gestation due to spontaneous preterm labor. She has smoked one pack of cigarettes daily for 15 years but has reduced her intake to 2–3 cigarettes per day since finding out she was pregnant. She continues to use cocaine once a week. Vital signs are within normal limits. Sterile speculum examination shows fluid pooling in the vagina, and nitrazine paper testing confirms the presence of amniotic fluid. Which of the following puts her at highest risk of preterm delivery?","History of spontaneous preterm birth
""","['Low socioeconomic status', 'Smoking during pregnancy', 'Substance abuse during pregnancy', 'Advanced maternal age', 'History of spontaneous preterm birth\n""']",yes,Substance abuse during pregnancy
"A 49-year-old man presents to his primary care physician complaining of multiple symptoms. He states that over the past 8 months he has noticed voice changes and difficulty swallowing. The dysphagia started with just dry foods like crackers but has progressed to include smoothies and ice cream. He works as a newspaper editor and has also noticed trouble writing with his dominant hand. He is accompanied by his wife, who complains that he snores and drools in his sleep. His medical history is significant for hypertension and a bicuspid aortic valve. He takes hydrochlorothiazide. On physical examination, there is atrophy of the right hand. The patient’s speech is slow. A systolic murmur at the right upper sternal border is appreciated. Tapping of the left patellar tendon causes the patient’s left lower extremity to forcefully kick out. Stroking of the plantar aspect of the patient’s left foot causes his left toes to extend upward. Which of the following therapies is most likely to slow the progression of the patient’s symptoms?",Riluzole,"['Amantadine', 'Beta interferon', 'Donepezil', 'Reserpine', 'Riluzole']",yes,Riluzole
"A 52-year-old man is seen by his endocrinologist for routine followup of his type 2 diabetes. Although he has previously been on a number of medication regimens, his A1C has remained significantly elevated. In order to try to better control his glucose level, the endocrinologist prescribes a new medication. He explains that this new medication works by blocking the ability of his kidneys to reabsorb glucose and therefore causes glucose wasting in the urine. Which of the following medications has this mechanism of action?",Canagliflozin,"['Acarbose', 'Canagliflozin', 'Exenatide', 'Glyburide', 'Metformin']",yes,Canagliflozin
"A 20-year-old man presents to his primary care provider with a history of recurrent cough, wheezing, and breathlessness since early childhood. He previously diagnosed with allergic rhinitis and bronchial asthma. For his allergic rhinitis, he uses intranasal fluticasone. For his asthma, he uses an albuterol inhaler as a rescue inhaler. It is decided to initiate a new medication for daily use. Which of the following medications, with its corresponding mechanism, is the next best step in therapy?",Mitogen-activated protein (MAP) kinase phosphatase-1 expression is upregulated by inhaled corticosteroids.,"['β2-agonists reverse bronchoconstriction but do not control the underlying inflammation.', 'Antileukotrienes (such as montelukast and zafirlukast) exert their beneficial effects in bronchial asthma by blocking CysLT2-receptors.', 'Omalizumab acts by blocking both circulating and mast cell-bound IgE.', 'Theophylline activates histone acetyltransferase.', 'Mitogen-activated protein (MAP) kinase phosphatase-1 expression is upregulated by inhaled corticosteroids.']",yes,Antileukotrienes (such as montelukast and zafirlukast) exert their beneficial effects in bronchial asthma by blocking CysLT2-receptors.
"An 81-year-old woman comes to the emergency department due to a left-sided paralysis for the past 2 hours. Her husband says her symptoms began suddenly, and she is also unable to speak. Her pulse is 90/min, respirations are 18/min, temperature is 36.8°C (98.2°F), and blood pressure is 150/98 mm Hg. An ECG is obtained and is shown below. Which of the following is the most probable cause of the patient's paralysis?",Cardioembolic stroke,"['Cardioembolic stroke', 'Cocaine toxicity', 'Conversion disorder', 'Hemorrhagic disorder', 'Rupture of berry aneurysm']",yes,Cardioembolic stroke
"A 68-year-old man presents for his first hemodialysis treatment. He was diagnosed with progressive chronic kidney disease 6 years ago that has now resulted in end-stage renal disease (ESRD). He currently is on a waiting list for a kidney transplant. His past medical history is significant for hypertension and peptic ulcer disease, managed with amlodipine and esomeprazole, respectively. He has diligently followed a severely restricted diet. The patient is afebrile and his vital signs are normal. His latest serum creatinine gives him an estimated glomerular filtration rate (eGFR) of 12 mL/min/1.73 m2. Which of the following should be increased as part of the management of this patient?",Protein intake,"['Sodium intake', 'Potassium intake', 'Protein intake', 'Fiber intake', 'Calcium intake']",yes,Protein intake
"A 72-year-old man presents to his primary care physician for a wellness visit. He says that he has been experiencing episodes of chest pain and lightheadedness. Approximately 1 week ago he fell to the ground after abruptly getting up from the bed. Prior to the fall, he felt lightheaded and his vision began to get blurry. According to his wife, he was unconscious for about 5 seconds and then spontaneously recovered fully. He experiences a pressure-like discomfort in his chest and lightheadedness with exertion. At times, he also experiences shortness of breath when climbing the stairs. Medical history is significant for hypertension and hypercholesterolemia. He does not smoke cigarettes or drink alcohol. Cardiac auscultation demonstrates a systolic ejection murmur at the right upper border and a normal S1 and soft S2. Which of the following is most likely found in this patient?",Increased blood flow velocity through the aortic valve,"['Bicuspid aortic valve', 'Decreased murmur intensity with squatting', 'High bounding pulses', 'Increased blood flow velocity through the aortic valve', 'Pulsus paradoxus']",yes,Decreased murmur intensity with squatting
"A 40-year-old woman comes to the physician because of a 6-day history of painless blisters on her hands, forearms, and face. Some of the blisters have popped and released a clear fluid. She is otherwise healthy. She had been working the night shift as a security guard for the past few years and switched to the day shift 2 weeks ago. She started wearing a new metal wristwatch last week. Her mother had a similar rash in the past. Her only medication is an estrogen-based oral contraceptive. She drinks 2 beers every night and occasionally more on the weekends. She used intravenous heroin in the past but stopped 20 years ago. Vital signs are within normal limits. Examination shows bullae and oozing erosions in different stages of healing on her arms, dorsal hands, ears, and face. Oral examination shows no abnormalities. There are some atrophic white scars and patches of hyperpigmented skin on the arms and face. Further evaluation of this patient is most likely to show which of the following findings?",Increased urinary uroporphyrin,"['Elevated anti-Smith antibodies', 'Elevated anti-varicella zoster virus antibodies', 'Elevated anti-transglutaminase antibodies', 'Positive skin patch test', 'Increased urinary uroporphyrin']",yes,Positive skin patch test
"A 57-year-old man is rushed to the emergency department by ambulance after being found on the floor gasping for air with severe shortness of breath by his partner. Past medical history is significant for congestive heart failure, hypertension, and hyperlipidemia. He normally takes chlorthalidone, atorvastatin, metoprolol, and valsartan, but he recently lost his job and insurance and has not been able to afford his medication in 2 months. Upon arrival at the hospital, his blood pressure is 85/50 mm Hg, heart rate is 110/min, respiratory rate is 24/min, oxygen saturation 90% on 100% oxygen, and temperature is 37.7°C (99.9°F). On physical exam, he appears obese and can only answer questions in short gasps as he struggles to breathe. His heart rate is tachycardic with a mildly irregular rhythm and auscultation of his lungs reveal crackles in the lower lobes, bilaterally. Which of the following physiologic changes is currently seen in this patient?","↑ Plasma renin and angiotensin II activity, ↓ blood pressure, ↓ renal perfusion pressure, ↑ serum pH","['↓ Plasma renin and angiotensin II activity, ↑ blood pressure, normal renal perfusion pressure, ↑ serum pH', '↑ Plasma renin and angiotensin II activity, ↑ blood pressure, normal renal perfusion pressure, ↓ serum pH', 'Normal plasma renin and angiotensin II activity, ↓ blood pressure, ↓ renal perfusion pressure, ↓ serum pH', '↑ Plasma renin and angiotensin II activity, ↓ blood pressure, ↓ renal perfusion pressure, ↑ serum pH', '↑ Plasma renin and angiotensin II activity, ↑ blood pressure,↓ renal perfusion pressure, ↑ serum pH']",yes,"Normal plasma renin and angiotensin II activity, ↓ blood pressure, ↓ renal perfusion pressure, ↓ serum pH"
"A 32-year-old female with a history of depression presents to the emergency department after a suspected ingestion. She is confused, reporting blurry vision, and responding to visual hallucinations. Vital signs are as follows:

Temperature: 98.9 degrees Farenheit (37.2 Celsius)
Heart Rate: 105 bpm
Blood Pressure: 90/65 mmHg
Respiratory Rate: 21 respirations per minute
O2 Saturation: 99% on room air

Upon reviewing her ECG (shown in Image A), the emergency room physician orders sodium bicarbonate. What medication was the likely cause of this patient's cardiac abnormality?",Amitriptyline,"['Lithium', 'Amitriptyline', 'Paroxetine', 'Quetiapine', 'Sertraline']",yes,Lithium
"A 79-year-old man presents to a physician’s office for a routine appointment. He had a myocardial infarction 3 years ago and was started on aspirin, carvedilol, captopril, and high-dose atorvastatin. He denies shortness of breath or cough. He exercises regularly and is on a healthy diet that is good for his heart. The vital signs include: pulse 80/min, respirations 16/min and blood pressure 122/80 mm Hg. The physical examination reveals an overweight male with a body mass index (BMI) of 28 kg/m2. The fasting lipid profile is as follows:
Total cholesterol 200 mg/dL
High-density lipoprotein (HDL)  35 mg/dL
Low-density lipoprotein (LDL) 140 mg/dL
Triglycerides 120 mg/dL
Which of the following drugs should be added to his regimen?",Ezetimibe,"['Furosemide', 'Orlistat', 'Niacin', 'Ezetimibe', 'Losartan']",yes,Niacin
"A hospitalized 45-year-old man has had mild flank pain since awakening 3 hours ago. He also reports a new generalized rash. Two weeks ago, he was diagnosed with pulmonary tuberculosis. Current medications include isoniazid, pyrazinamide, rifampin, ethambutol, and pyridoxine. His temperature is 38.3°C (100.9°F), pulse is 74/min, and blood pressure is 128/72 mm Hg. Examination of the skin shows diffuse erythema with confluent papules. There is no costovertebral angle tenderness. Laboratory studies show:
Leukocyte count 9,800/mm3
Segmented neutrophils 59%
Bands 3%
Eosinophils 4%
Lymphocytes 29%
Monocytes 5%
Serum
Urea nitrogen 25 mg/dL
Creatinine 1.9 mg/dL
Urine
WBC 8–10/hpf
Eosinophils numerous
RBC 5–6/hpf
RBC casts negative
WBC casts numerous
In addition to intravenous fluid resuscitation, which of the following is the most appropriate next step in management?""",Discontinue rifampin,"['Initiate hemodialysis', 'Administer ciprofloxacin', 'Discontinue rifampin', 'Perform serum protein electrophoresis', 'Perform renal biopsy']",yes,Discontinue rifampin
"A 17-year-old girl comes in to her primary care physician's office for an athletic physical. She is on her school’s varsity swim team. She states she is doing “ok” in her classes. She is worried about her upcoming swim meet. She states, “I feel like I’m the slowest one on the team. Everyone is way more fit than I am.” The patient has polycystic ovarian syndrome and irregular menses, and her last menstrual period was 5 weeks ago. She takes loratadine, uses nasal spray for her seasonal allergies, and uses ibuprofen for muscle soreness occasionally. The patient’s body mass index (BMI) is 19 kg/m^2. On physical examination, the patient has dark circles under her eyes and calluses on the dorsum of her right hand. A beta-hCG is negative. Which of the following is associated with the patient’s most likely condition?",Dental cavities,"['Dental cavities', 'Galactorrhea', 'Lanugo', 'Metatarsal stress fractures', 'Motor tics']",yes,Lanugo
"A 33-year-old pregnant woman undergoes a routine quad-screen during her second trimester. The quad-screen results demonstrate the following: decreased alpha-fetoprotein, increased Beta-hCG, decreased estriol, and increased inhibin A. A presumptive diagnosis is made based upon these findings and is later confirmed with genetic testing. After birth, this child is at greatest risk for which of the following hematologic malignancies?",Acute lymphoblastic leukemia,"['Chronic lymphocytic leukemia', 'Hairy cell leukemia', 'Acute promyelocytic leukemia', 'Acute lymphoblastic leukemia', 'Chronic myelogenous leukemia']",yes,Acute lymphoblastic leukemia
"A 55-year-old man with type 2 diabetes mellitus comes to the physician for a routine health maintenance. He feels well. His blood pressure is 155/60 mm Hg. Physical exam shows no abnormalities. Laboratory studies show a glucose concentration of 150 mg/dL and a hemoglobin A1c concentration of 9%. Treatment with lisinopril is initiated. Which of the following findings would be expected two days after initiating lisinopril therapy?
 $$$ Glomerular filtration rate %%% Renal plasma flow %%% Filtration fraction $$$",↓ ↑ ↓,"['↑ no change ↑', '↓ no change ↓', '↓ ↓ no change', '↓ ↑ ↓', '↓ ↓ ↑']",yes,↓ ↓ ↑
"A 7-year-old boy is brought to the emergency department by his parents with a 2-day history of severe fatigue. His parents say that he has no past medical history, but caught an illness that was going around his school 1 week ago. While ill, he had several days of abdominal pain and bloody diarrhea. His family history is significant for several family members who required blood transfusions, and he lives in an old house. Physical exam reveals conjunctival pallor and mild jaundice. Which of the following would most likely be seen on peripheral blood smear in this patient?",Schistocytes,"['Codocytes', 'Degmacytes', 'Echinocytes', 'Schistocytes', 'Spherocytes']",yes,Schistocytes
An investigator is studying the crossbridge cycle of muscle contraction. Tissue from the biceps brachii muscle is obtained at the autopsy of an 87-year-old man. Investigation of the muscle tissue shows myosin heads attached to actin filaments. Binding of myosin heads to which of the following elements would most likely cause detachment of myosin from actin filaments?,ATP,"['cGMP', 'Troponin C', 'ATP', 'Tropomyosin', 'ADP']",yes,ATP
"A 26-year-old man presents to his primary care physician complaining of impotence. He reports that he has a healthy, long-term relationship with a woman whom he hopes to marry, but he is embarrassed that he is unable to have an erection. Which of the following is the next best step?",Evaluate nocturnal tumescence,"['Obtain a sperm sample', 'Evaluate nocturnal tumescence', 'Duplex penile ultrasound', 'Prescribe sildenafil', 'Prescribe vardenafil']",yes,Evaluate nocturnal tumescence
"A primary care physician is recently receiving more negative online reviews from his patients. He is increasingly feeling tired and has written 2 wrong prescriptions over the past month alone. Currently, on his panel, he has a list of 1,051 patients, half of whom are geriatric patients. He spends approx. 51 hours per week visiting about 20 patients a day. He has no history of a serious illness and takes no medications. An evaluation by a psychiatrist shows no primary psychiatric disorders. According to recent national surveys, which of the following do physicians more frequently recognize as a contributor to this physician’s current condition?",Excessive bureaucratic tasks,"['The number of patients on his panel', 'Excessive bureaucratic tasks', 'Working too many hours', 'Concern over online reputation', 'The number of geriatric patients on his panel']",yes,Working too many hours
A 60-year-old male presents to your office for follow-up after an upper gastrointestinal (GI) endoscopy revealed the presence of esophageal varices. His medical history is significant for cirrhosis caused by heavy alcohol abuse for the past 20 years. He was instructed to follow-up with his primary care physician for management of his condition. Which of the following is the most appropriate next step for prevention of future variceal bleeding?,Nadolol,"['Careful observation', 'Octreotide', 'Nadolol', 'Isosorbide mononitrate', 'Transjugular intrahepatic portosystemic shunt']",yes,Nadolol
"A 64-hour-old baby girl is being evaluated for discharge. She was born by forceps-assisted vaginal delivery at 39 weeks gestation. The mother has no chronic medical conditions and attended all her prenatal visits. The mother’s blood type is A+. On day 1, the patient was noted to have a scalp laceration. Breastfeeding was difficult at first but quickly improved upon nurse assistance. The patient has had adequate wet diapers since birth. Upon physical examination, the resident notes the infant has scleral icterus and jaundiced skin. The scalp laceration noted on day 1 is intact without fluctuance or surrounding erythema. When the infant is slightly lifted from the bed and released, she spread out her arms, pulls them in, and exhibits a strong cry. Labs are drawn as shown below:

Blood type: AB-
Total bilirubin 8.7 mg/dL
Direct bilirubin 0.5 mg/dL

Six hours later, repeat total bilirubin is 8.3 mg/dL. Which of the following is the next best step in the management of the baby’s condition?",Observation,"['Coombs test', 'Exchange transfusion', 'Switch to baby formula', 'Observation', 'Phototherapy']",yes,Phototherapy
"A 60-year-old-man presents to his physician with worsening myalgias and new symptoms of early fatigue, muscle weakness, and drooping eyelids. His wife presents with him and states that he never used to have such symptoms. His medical history is significant for gout, hypertension, hypercholesterolemia, diabetes mellitus type II, and pilocytic astrocytoma as a teenager. He denies smoking, drinks a 6-pack of beer per day, and endorses a past history of cocaine use but currently denies any illicit drug use. His vital signs include temperature 36.7°C (98.0°F), blood pressure 126/74 mm Hg, heart rate 87/min, and respiratory rate 15/min. Physical examination shows minimal bibasilar rales, but otherwise clear lungs on auscultation, grade 2/6 holosystolic murmur, 3/5 strength in all extremities, and benign abdominal findings. The Tensilon test result is positive. Which of the following options explains why a chest CT should be ordered for this patient?",Exclusion of a thymoma,"['Assessment for motor neuron disease', 'Exclusion of underlying lung cancer', 'Evaluation for mediastinal botulinum abscess', 'Exclusion of a thymoma', 'Evaluation of congenital vascular anomaly']",yes,Exclusion of underlying lung cancer
"A 16-year-old girl comes to the physician because she is worried about gaining weight. She reports that at least twice a week, she eats excessive amounts of food but feels ashamed about losing control soon after. She is very active in her high school's tennis team and goes running daily to lose weight. She has a history of cutting her forearms with the metal tab from a soda can. Her last menstrual period was 3 weeks ago. She is 165 cm (5 ft 5 in) tall and weighs 57 kg (125 lb); BMI is 21 kg/m2. Physical examination shows enlarged, firm parotid glands bilaterally. There are erosions of the enamel on the lingual surfaces of the teeth. Which of the following is the most likely diagnosis?",Bulimia nervosa,"['Obsessive-compulsive disorder', 'Borderline personality disorder', 'Bulimia nervosa', 'Anorexia nervosa', 'Body dysmorphic disorder']",yes,Bulimia nervosa
"A 27-year-old woman presents with right knee pain over the last 3 weeks. The pain is moderate in severity but makes any physical activity that involves bending her knee extremely discomfortable. Her pain worsens with running and squatting, in particular. The patient has no history of medical conditions nor does she have any immediate family member with a similar condition. At the physician’s office, her vitals are normal. On physical examination, there is localized pain in the right anterior knee. There are no passive or active movement limitations at her knee joint. Erythema, swelling, and crepitations are not present. Which of the following is the best option for definitively managing this patient’s condition?",Quadriceps strengthening,"['Nonsteroidal anti-inflammatory drugs (NSAIDS)', 'Colchicine', 'Quadriceps strengthening', 'Intra-articular steroid injections', 'Intra-articular glycosaminoglycan polysulfate injections']",yes,Quadriceps strengthening
"A 23-year-old man comes to the physician because of a 1-year history of episodic shortness of breath. Physical examination shows no abnormalities. Laboratory studies show elevated serum IgE levels. Microscopic examination of the sputum shows eosinophilic, hexagonal, double-pointed crystals. A methacholine challenge test is positive. Exposure to which of the following is most likely responsible for this patient's condition?",Dust mites,"['Bird droppings', 'Aspirin', 'Cold air', 'Dust mites', 'Tobacco smoke']",yes,Dust mites
"An 8-month-old infant is brought to the physician by his mother because of a 1-month history of progressive listlessness. His mother says, """"He used to crawl around, but now he can't even keep himself upright. He seems so weak!"""" Pregnancy and delivery were uncomplicated. Examination shows hypotonia and an increased startle response. Genetic analysis show insertion of four bases (TATC) into exon 11. Further evaluation shows decreased activity of hexosaminidase A. Which of the following mutations best explains these findings?""",Frameshift,"['Frameshift', 'Missense', 'Nonsense', 'Silent', 'Splice site']",yes,Nonsense
"A group of investigators who are studying individuals infected with Trypanosoma cruzi is evaluating the ELISA absorbance cutoff value of serum samples for diagnosis of infection. The previous cutoff point is found to be too high, and the researchers decide to lower the threshold by 15%. Which of the following outcomes is most likely to result from this decision?",Increased negative predictive value,"['Increased negative predictive value', 'Unchanged true positive results', 'Decreased sensitivity', 'Increased positive predictive value', 'Increased specificity']",yes,Increased sensitivity
"A typically healthy 27-year-old woman presents to the physician because of a 3-week history of fatigue, headache, and dry cough. She does not smoke or use illicit drugs. Her temperature is 37.8°C (100.0°F). Chest examination shows mild inspiratory crackles in both lung fields. An X-ray of the chest shows diffuse interstitial infiltrates bilaterally. A Gram stain of saline-induced sputum shows no organisms. Inoculation of the induced sputum on a cell-free medium that is enriched with yeast extract, horse serum, cholesterol, and penicillin G grows colonies that resemble fried eggs. Which of the following is the most appropriate next step in management?",Oral azithromycin,"['Intravenous ceftriaxone', 'Intravenous ceftriaxone and oral azithromycin', 'Intravenous clindamycin', 'Oral amoxicillin', 'Oral azithromycin']",yes,Intravenous ceftriaxone and oral azithromycin
"A 7-year-old boy is brought to the physician because of a 5-day history of fever, malaise, and joint pain. He had a sore throat 4 weeks ago that resolved without treatment. His temperature is 38.6°C (101.5°F) and blood pressure is 84/62 mm Hg. Physical examination shows several firm, painless nodules under the skin near his elbows and the dorsal aspect of both wrists. Cardiopulmonary examination shows bilateral basilar crackles and a blowing, holosystolic murmur heard best at the cardiac apex. Both knee joints are warm. Laboratory studies show an erythrocyte sedimentation rate of 129 mm/h. The immune response seen in this patient is most likely due to the presence of which of the following?","M protein
""","['Hyaluronic acid capsule', 'TSST-1', 'IgA protease', 'CAMP factor', 'M protein\n""']",yes,M protein
"A 63-year-old woman with a past medical history significant for hypertension presents to the outpatient clinic for evaluation of vaginal dryness, loss of libido, and hot flashes. These symptoms have been progressively worsening over the past 3 months. Her vital signs are: blood pressure 131/81 mm Hg, pulse 68/min, and respiratory rate 16/min. She is afebrile. On further review of systems, she endorses having irregular periods for almost a year, and asks if she has begun menopause. Which of the following parameters is required to formally diagnosis menopause in this patient?",Cessation of menses for at least 12 months,"['Cessation of menses for at least 12 months', 'Increased serum follicle-stimulating hormone (FSH)', 'Increased serum luteinizing hormone (LH)', 'Increased total cholesterol', 'Pelvic ultrasound demonstrating decreased follicular activity']",yes,Cessation of menses for at least 12 months
A 68-year-old man is brought to the emergency department by ambulance from a homeless shelter. The report from the shelter describes the man as a loner expressing symptoms of depression. He has been living at the shelter for approximately 10 months and has no family or friends and few visitors. He spends most of his evenings drinking alcohol and being by himself. Which of the following statements is most accurate regarding this patient?,Males are more likely to die from suicide than females.,"['Males are more likely to die from suicide than females.', 'Males attempt suicide more than females.', 'Males are more likely to use drug overdose as a means of suicide.', 'Females are more likely to self-inflict fatal injuries.', 'Suicide risk is highest among middle-age white women.']",yes,Males attempt suicide more than females.
"A 24-year-old woman comes to the physician because of pain and swelling of her left leg over the past 24 hours. The pain is worse while walking and improves when resting. Seven months ago, she was diagnosed with a pulmonary embolism and was started on warfarin. Anticoagulant therapy was discontinued 1 month ago. Her sister has systemic lupus erythematosus. The patient does not smoke. She currently takes no medications. Her temperature is 37.8°C (100°F), pulse is 78/min, and blood pressure is 123/72 mm Hg. On physical examination, the left calf is diffusely erythematous, swollen, and tender. Dorsal flexion of the left foot elicits pain. Cardiopulmonary examination shows no abnormalities. On duplex ultrasonography, the left popliteal vein is not compressible. Laboratory studies show an elevated serum concentration of D-dimer and insensitivity to activated protein C. Further examination is most likely to show which of the following?",Mutation of coagulation factor V,"['Antiphospholipid antibodies', 'Mutation of coagulation factor V', 'Mutation of prothrombin', 'Elevated levels of homocysteine', 'Deficiency of protein C']",yes,Mutation of coagulation factor V
"A 72-year-old man comes to the physician for medical clearance for a molar extraction. He feels well. He reports he is able to climb 3 flights of stairs without experiencing any shortness of breath. He has hypertension, type 2 diabetes mellitus, and ischemic heart disease. He underwent an aortic valve replacement for severe aortic stenosis last year. 12 years ago, he underwent a cardiac angioplasty and had 2 stents placed. Current medications include aspirin, warfarin, lisinopril, metformin, sitagliptin, and simvastatin. His temperature is 37.1°C (98.8°F), pulse is 92/min, and blood pressure is 136/82 mm Hg. A systolic ejection click is heard at the right second intercostal space. Which of the following is the most appropriate next step in management?",Administer oral amoxicillin 1 hour before the procedure,"['Administer oral amoxicillin 1 hour before the procedure', 'Obtain echocardiography prior to procedure', 'Avoid nitrous oxide during the procedure', 'Discontinue aspirin and warfarin 72 hours prior to procedure', 'Administer oral clindamycin 1 hour before and 2 hours after the procedure']",yes,Discontinue aspirin and warfarin 72 hours prior to procedure
"A 56-year-old woman is one week status post abdominal hysterectomy when she develops a fever of 101.4°F (38.6°C). Her past medical history is significant for type II diabetes mellitus and a prior history of alcohol abuse. The operative report and intraoperative cystoscopy indicate that the surgery was uncomplicated. The nurse reports that since the surgery, the patient has also complained of worsening lower abdominal pain. She has given the patient the appropriate pain medications with little improvement. The patient has tolerated an oral diet well and denies nausea, vomiting, or abdominal distension. Her blood pressure is 110/62 mmHg, pulse is 122/min, and respirations are 14/min. Since being given 1000 mL of intravenous fluids yesterday, the patient has excreted 800 mL of urine. On physical exam, she is uncomfortable, shivering, and sweating. The surgical site is intact, but the surrounding skin appears red. No drainage is appreciated. The abdominal examination reveals tenderness to palpation and hypoactive bowel sounds. Labs and a clean catch urine specimen are obtained as shown below:


Leukocyte count and differential:
Leukocyte count: 18,000/mm^3
Segmented neutrophils: 80%
Bands: 10%
Eosinophils: 1%
Basophils: < 1%
Lymphocytes: 5%
Monocytes: 4%
Platelet count: 300,000/mm^3

Hemoglobin: 12.5 g/dL
Hematocrit: 42%

Urine:
Epithelial cells: 15/hpf
Glucose: positive
RBC: 1/hpf
WBC: 2/hpf
Bacteria: 50 cfu/mL
Ketones: none
Nitrites: negative
Leukocyte esterase: negative

Which of the following is most likely the cause of this patient’s symptoms?",Wound infection,"['Alcohol withdrawal', 'Surgical error', 'Post-operative ileus', 'Urinary tract infection', 'Wound infection']",yes,Wound infection
"A 31-year-old woman is brought to the emergency department for a severe throbbing headache, nausea, and photophobia for the past 3 hours. She has severe occipital pain and chest tightness. Prior to the onset of her symptoms, she had attended a networking event where she had red wine and, shortly after, a snack consisting of salami and some dried fruits. The patient has recurrent migraine headaches and depression, for which she takes medication daily. She is mildly distressed, diaphoretic, and her face is flushed. Her temperature is 37.0°C (98.6°F), the pulse is 90/min, the respirations are 20/min, and the blood pressure is 195/130 mm Hg. She is alert and oriented. Deep tendon reflexes are 2+ bilaterally. This patient's symptoms are most likely caused by a side effect of which of the following medications?",Phenelzine,"['Amitriptyline', 'Phenelzine', 'Sertraline', 'Sumatriptan', 'Topiramate']",yes,Sumatriptan
"Sixteen hours after delivery, a newborn develops respiratory distress. She was born at 38 weeks' gestation with a birth weight of 3200 g (7 lb 1 oz). Pregnancy was complicated by polyhydramnios. Physical examination shows tachypnea and bluish discoloration of the extremities. Auscultation of the chest shows diffuse crackles in the lung fields and a harsh holosystolic murmur at the left lower sternal border. Abdominal x-ray shows absence of bowel gas. Which of the following best explains the pathogenesis of this newborn's condition?",Defect in mesodermal differentiation,"['Defect in the pleuroperitoneal membrane', 'Deletion in the long arm of chromosome 7', 'Defect in mesodermal differentiation', 'Absence of dynein', 'Deletion in the long arm of chromosome 22']",yes,Defect in the pleuroperitoneal membrane
"An 11-year-old boy is brought to the clinic by his parents for poor academic performance. The patient’s parents say that his teacher told them that he may have to repeat a grade because of his lack of progress, as he does not pay attention to the lessons, tends to fidget about in his seat, and often blurts out comments when it is someone else’s turn to speak. Furthermore, his after-school karate coach says the patient no longer listens to instructions and has a hard time focusing on the activity at hand. The patient has no significant past medical history and is currently not on any medications. The patient has no known learning disabilities and has been meeting all developmental milestones. The parents are vehemently opposed to using any medication with a potential for addiction. Which of the following medications is the best course of treatment for this patient?",Atomoxetine,"['Diazepam', 'Atomoxetine', 'Methylphenidate', 'Sertraline', 'Olanzapine']",yes,Atomoxetine
"A 40-year-old gravida 4 para 2 woman presents with urinary incontinence requesting definitive treatment. She started experiencing urinary incontinence when coughing, laughing, or exercising about three months ago. Symptoms have not improved with behavioral changes or Kegel exercises. Past medical history is significant for her last pregnancy which was complicated by an arrest of descent and a grade 3 episiotomy. She currently takes no medications. A review of systems is significant for constipation for the last few months. Rectal and vaginal exams are normal. Which of the following is the mechanism that underlies the best course of treatment for this patient?",Anatomic elevation of the urethra,"['Oral estrogen therapy', 'Reduction of detrusor muscle tone', 'Inhibition of DNA gyrase and topoisomerase', 'Dilation of a urethral or ureteral stricture', 'Anatomic elevation of the urethra']",yes,Anatomic elevation of the urethra
"A 27-year-old man is brought to the emergency department because of a knife wound to his back. His pulse is 110/min, respirations are 14/min, and blood pressure is 125/78 mm Hg. Examination shows a 5-cm deep stab wound at the level of T9. He withdraws the right foot to pain but is unable to sense vibration or whether his right toe is flexed or extended. Sensation in the left leg is normal. Motor strength is 5/5 in all extremities. Rectal tone is normal. Which of the following spinal column structures was most likely affected?",Posterior spinal artery,"['Dorsal root', 'Posterior spinal artery', 'Central spinal cord grey matter', 'Lateral corticospinal tract', 'Artery of Adamkiewicz']",yes,Central spinal cord grey matter
"A 20-month-old boy is brought to the emergency department by his parents with fever and diarrhea that have persisted for the past 2 days. He has a history of repeated bouts of diarrhea, upper respiratory tract infections, and failure to thrive. His vital signs are as follows: blood pressure 80/40 mm Hg, pulse 130/min, temperature 39.0°C (102.2°F), and respiratory rate 30/min. Blood tests are suggestive of lymphopenia. The child is diagnosed with severe combined immune deficiency after additional testing. Which of the following is the most common association with this type of immunodeficiency?",X-linked severe combined immunodeficiency,"['X-linked severe combined immunodeficiency', 'Adenosine deaminase deficiency', 'Janus-associated kinase 3 (JAK3) deficiency', 'Reticular dysgenesis', 'Bare lymphocyte syndrome']",yes,X-linked severe combined immunodeficiency
"A 24-year-old woman presents to her gynecologist complaining of mild pelvic discomfort and a frothy, yellowish discharge from her vagina for the past 2 weeks. She also complains of pain during sexual intercourse and sometimes after urination. Her past medical history is noncontributory. She takes oral contraceptives and a multivitamin daily. She has had two male sexual partners in her lifetime and uses condoms inconsistently. Today, her vitals are normal. On pelvic exam, she has vulvovaginal erythema and a 'strawberry cervix' that is tender to motion, with minimal green-yellow malodorous discharge. A swab of the vaginal wall is analyzed for pH at bedside. Vaginal pH is 5.8. Which of the following is the most likely diagnosis for this patient?",Trichomoniasis,"['Vulvovaginal candidiasis', 'Atrophic vaginitis', 'Bacterial vaginosis', 'Chlamydia', 'Trichomoniasis']",yes,Bacterial vaginosis
"A 37-year-old woman, gravida 3, para 2, at 32 weeks' gestation comes to the physician for a follow-up examination 2 days after an increased blood pressure measurement. She now reports having a headache and visual disturbances for the past 12 hours. Her only medication is a prenatal vitamin. Her temperature is 36.7°C (98.1°F), pulse is 90/min, and blood pressure is 164/80 mm Hg. Her blood pressure at her first-trimester prenatal visit was 110/70 mm Hg. Physical examination shows no abnormalities. Laboratory studies show:
Hemoglobin 12.5 g/dL
Platelet count 285,000/mm3
Serum
Creatinine 1.0 mg/dL
Urine
Blood negative
Protein negative
Which of the following is the most likely primary component in the pathogenesis of this patient's condition?""",Abnormal remodeling of spiral arteries,"['Vasogenic cerebral edema', 'Increase in circulating plasma volume', 'Hyperperfusion of placental tissue', 'Abnormal remodeling of spiral arteries', 'Overactivation of the coagulation cascade']",yes,Vasogenic cerebral edema
"A 36-year-old man comes to the physician for a 4-week history of swollen legs. He has difficulty putting on socks because of the swelling. Two years ago, he was diagnosed with sleep apnea. He takes no medications. He emigrated from Guatemala with his family when he was a child. He is 171 cm (5 ft 6 in) tall and weighs 115 kg (253 lb); BMI is 39 kg/m2. His pulse is 91/min and blood pressure is 135/82 mm Hg. Examination shows periorbital and bilateral lower extremity edema.
Serum
Albumin 3.1 g/dL
Total cholesterol 312 mg/dL
Urine
Blood negative
Protein +4
RBC 1-2/hpf
RBC cast negative
Fatty casts numerous
A renal biopsy is obtained. Which of the following is most likely to be seen under light microscopy of the patient's renal biopsy specimen?""",Segmental sclerosis of the glomeruli,"['Segmental sclerosis of the glomeruli', 'Fibrin crescents within the glomerular space', 'Diffuse thickening of glomerular capillaries', 'Eosinophilic nodules within the glomeruli', 'Amyloid deposition in the mesangium']",yes,Diffuse thickening of glomerular capillaries
"A previously healthy 20-year-old man comes to the physician because of a 6-month history of a painless mass in his left groin that has been gradually increasing in size. Physical examination shows a 3x3-cm oval, non-tender left inguinal mass and a fluctuant, painless left scrotal swelling that increase in size with coughing. Which of the following is the most likely cause of this patient's symptoms?",Failure of processus vaginalis to close,"['Failure of processus vaginalis to close', 'Obstruction of left spermatic vein', 'Reduced fluid reabsorption at tunica vaginalis', 'Widening of femoral ring', 'Weakening of transversalis fascia\n""']",yes,Failure of processus vaginalis to close
"A 46-year-old woman comes to the emergency department because of intermittent abdominal pain and vomiting for 2 days. The abdominal pain is colicky and diffuse. The patient's last bowel movement was 3 days ago. She has had multiple episodes of upper abdominal pain that radiates to her scapulae and vomiting over the past 3 months; her symptoms subsided after taking ibuprofen. She has coronary artery disease, type 2 diabetes mellitus, gastroesophageal reflux disease, and osteoarthritis of both knees. Current medications include aspirin, atorvastatin, rabeprazole, insulin, and ibuprofen. She appears uncomfortable. Her temperature is 39°C (102.2°F), pulse is 111/min, and blood pressure is 108/68 mm Hg. Examination shows dry mucous membranes. The abdomen is distended and tympanitic with diffuse tenderness; bowel sounds are high-pitched. Rectal examination shows a collapsed rectum. Her hemoglobin concentration is 13.8 g/dL, leukocyte count is 14,400/mm3, and platelet count is 312,000/mm3. An x-ray of the abdomen is shown. Which of the following is the most likely cause of this patient's findings?",Cholecystoenteric fistula,"['Cholecystoenteric fistula', 'Cecal torsion', 'Bowel infarction', 'Viscus perforation', 'Colonic diverticuli inflammation']",yes,Viscus perforation
"An otherwise healthy 27-year-old man presents to the Emergency Department with dark urine and left flank pain. He has had a fever, sore throat, and malaise for the last 2 days. Vital signs reveal a temperature of 38.1°C (100.5°F), blood pressure of 120/82 mm Hg, and a pulse of 95/min. His family history is noncontributory. Physical examination reveals enlarged tonsils with tender anterior cervical lymphadenopathy. Urinalysis shows pink urine with 20–25 red cells/high power field and 2+ protein. This patient’s condition is most likely due to which of the following?",Diffuse mesangial IgA deposition,"['Inherited abnormalities in type IV collagen', 'Autoantibodies against alpha-3 chain of type IV collagen', 'C3 nephritic factor', 'Immune complex deposition', 'Diffuse mesangial IgA deposition']",yes,Immune complex deposition
"A 23-year-old man presents to the emergency department with testicular pain. His symptoms started 15 minutes ago and have not improved on the ride to the hospital. The patient’s past medical history is non-contributory, and he is not currently taking any medications. His temperature is 98.5°F (36.9°C), blood pressure is 123/62 mmHg, pulse is 124/min, respirations are 18/min, and oxygen saturation is 98% on room air. Physical exam is notable for a non-tender abdomen. The patient’s right testicle appears higher than his left and is held in a horizontal position. Stroking of the patient’s medial thigh elicits no response. Which of the following is the best treatment for this patient?",Bilateral surgical procedure,"['Bilateral surgical procedure', 'Ceftriaxone', 'Ciprofloxacin', 'Manual detorsion', 'Surgical debridement']",yes,Manual detorsion
"A healthy 28-year-old woman at 30-weeks gestational age, has gained 35lbs since becoming pregnant. She complains of several weeks of bilateral numbness and tingling of her palms, thumbs, index and middle fingers that is worse at night. She also notes weakness gripping objects at the office. Which nerve is most likely affected?",Median nerve,"['Median nerve', 'Ulnar nerve', 'Radial nerve', 'Axillary nerve', 'Anterior interosseous nerve']",yes,Ulnar nerve
"A 45-year-old man is brought by his wife with a complaint of an ongoing progressive history of memory problems for 6 months. He is an accountant by profession. He has difficulty remembering things and events, which has affected his job. He began using a diary to aid with remembering his agenda. His wife also says that he has wet his pants multiple times in the past 2 months and he avoids going out. He has been smoking 1 pack of cigarettes daily for the past 20 years. His past medical history is unremarkable. The vital signs include: blood pressure of 134/76 mm Hg, a pulse of 70 per minute, and a temperature of 37.0°C (98.6°F). His mini-mental state examination (MMSE) result is 22/30. His extraocular movements are normal. The muscle tone and strength are normal in all 4 limbs. The sensory examination is unremarkable. He has an absent Romberg’s sign. He walks slowly, taking small steps, with feet wide apart as if his feet are stuck to the floor. The CT scan of the head is shown in the image. What is the most likely diagnosis of the patient?",Normal-pressure hydrocephalus,"['Early-onset Alzheimer’s disease', 'Frontotemporal dementia', 'Normal-pressure hydrocephalus', 'Parkinson’s disease', 'Progressive supranuclear palsy']",yes,Normal-pressure hydrocephalus
"A 25-year-old woman presents to her college campus clinic with the complaint of being unable to get up for her morning classes. She says that, because of this, her grades are being affected. For the past 6 weeks, she says she has been feeling depressed because her boyfriend dumped her. She finds herself very sleepy, sleeping in most mornings, eating more snacks and fast foods, and feeling drained of energy. She is comforted by her friend’s efforts to cheer her up but still feels guarded around any other boy that shows interest in her. The patient says she had similar symptoms 7 years ago for which she was prescribed several selective serotonin reuptake inhibitors (SSRIs) and a tricyclic antidepressant (TCA). However, none of the medications provided any long-term relief. She has prescribed a trial of Phenelzine to treat her symptoms. Past medical history is significant for a long-standing seizure disorder well managed with phenytoin. Which of the following statements would most likely be relevant to this patient’s new medication?","“While taking this medication, you should avoid drinking red wine.”","['“While taking this medication, you should avoid drinking red wine.”', '“You will have a risk for cardiotoxicity from this medication.”', '“While on this medication, you may have a decreased seizure threshold.”', '“This medication is known to cause anorgasmia during treatment.”', '“A common side effect of this medication is sedation.”']",yes,A common side effect of this medication is sedation.
"A 65-year-old man presents to his primary-care doctor for a 2-month history of dizziness. He describes feeling unsteady on his feet or like he's swaying from side-to-side; he's also occasionally had a room-spinning sensation. He first noticed it when he was in the front yard playing catch with his grandson, and he now also reliably gets it when throwing the frisbee with his dog. The dizziness only happens during these times, and it goes away after a couple of minutes of rest. His medical history is notable for type 2 diabetes mellitus treated with metformin. His vital signs are within normal limits in the office. The physical exam is unremarkable. Which of the following is the next best test for this patient?",Doppler ultrasound,"['Ankle-brachial index', 'CT head (noncontrast)', 'Doppler ultrasound', 'Electrocardiogram', 'Transthoracic echocardiogram']",yes,Doppler ultrasound
"A 49-year-old man is brought to the emergency department after collapsing on the ground at a grocery store 30 minutes ago. His wife states that he complained of dizziness and chest pain prior to falling down. Medical history is significant for hypertension and diabetes mellitus. His wife says that he is not compliant with his medications. His temperature is 37.0°C (98.6°F), respiratory rate is 15/min, pulse rate is 67/min, and blood pressure is 122/98 mm Hg. Physical examination, including chest auscultation, is within normal limits. He is awake and in distress. The on-call resident who is evaluating him decides to do a 12-lead ECG, which is shown in the exhibit. The initial blood test results are normal. A second set of blood samples are sent to the lab after 6 hours. Which of the following results is most likely to be seen in this patient?",Elevated troponins and elevated CK-MB,"['Elevated troponins and normal CK-MB', 'Normal CK-MB and normal troponins', 'Elevated troponins and elevated CK-MB', 'Normal troponins and increased CK-MB', 'Decreased troponins and increased CK-MB']",yes,Elevated troponins and elevated CK-MB
"A 36-year-old woman is brought to the emergency department after a high-speed motor vehicle collision. Her temperature is 36.5°C (97.7°F), pulse is 120/min, respirations are 24/min, and blood pressure is 100/65 mm Hg. Examination shows second and third-degree burns covering 30% of the surface area of her body. Intravenous fluids are administered. 30 minutes later, the patient develops respiratory distress and requires intubation. Administration of succinylcholine during the procedure is most likely to increase this patient's risk of developing which of the following laboratory abnormalities?",Hyperkalemia,"['Hyperphosphatemia', 'Hypermagnesemia', 'Hyperkalemia', 'Hypernatremia', 'Hyperglycemia']",yes,Hyperkalemia
"A 58-year-old woman comes to the physician because of a 3-month history of itching of both legs. She also has swelling and dull pain that are worse at the end of the day and are more severe in her right leg. She has hyperthyroidism, asthma, and type 2 diabetes mellitus. Four years ago, she had basal cell carcinoma of the face that was treated with Mohs surgery. Current medications include methimazole, albuterol, and insulin. She has smoked 3–4 cigarettes a day for the past 29 years. She goes to a local sauna twice a week. Her temperature is 37°C (98.6°F), pulse is 75/min, respirations are 16/min, and blood pressure is 124/76 mm Hg. Physical examination shows fair skin with diffuse freckles. There is 2+ pitting edema of the right leg and 1+ pitting edema of the left leg. There is diffuse reddish-brown discoloration and significant scaling extending from the ankle to the mid-thigh bilaterally. Pedal pulses and sensation are intact bilaterally. Which of the following is the most likely underlying mechanism of this patient's symptoms?",Venous valve incompetence,"['Type IV hypersensitivity reaction', 'Venous valve incompetence', 'Malignant proliferation of epidermal keratinocytes', 'Dermal accumulation of glycosaminoglycans', 'Breach of skin barrier by dermatophyte']",yes,Dermal accumulation of glycosaminoglycans
"A 14-year-old boy is brought to the emergency department by his mom after she found him complaining of headaches, nausea, lightheadedness, and muscle pain. He has had type I diabetes for 3 years with very well managed blood sugars, and he is otherwise healthy. He recently returned from a boy scout skiing trip where he drank from a mountain stream, ate unusual foods, and lived in a lodge with a wood-fired fireplace and cooking stove. On physical exam he has a diffuse redness of his skin. Which of the following changes to this patient's pulmonary system would cause oxygen to exhibit similar transport dynamics as the most likely cause of this patient's symptoms?",Interstitial fibrosis,"['Interstitial fibrosis', 'Interstitial thinning', 'Increasing capillary transit time', 'Increasing capillary length', 'Nitrous oxide administration']",yes,Increasing capillary transit time
"A 70-year-old man presents to a physician with a cough and difficulty breathing during the last 7 years. He has smoked since his teenage years and regularly inhales tiotropium, formoterol, and budesonide and takes oral theophylline. The number of exacerbations has been increasing over the last 6 months. His temperature is 37.2°C (99°F), the heart rate is 92/min, the blood pressure is 134/88 mm Hg and the respiratory rate is 26/min. On chest auscultation breath sounds are diffusely decreased and bilateral rhonchi are present. Pulse oximetry shows his resting oxygen saturation to be 88%. Chest radiogram shows a flattened diaphragm, hyperlucency of the lungs, and a long, narrow heart shadow. The physician explains this condition to the patient and emphasizes the importance of smoking cessation. In addition to this, which of the following is most likely to reduce the risk of mortality from the condition?",Supplemental oxygen,"['Low-dose oral prednisone', 'Prophylactic azithromycin', 'Roflumilast', 'Pulmonary rehabilitation', 'Supplemental oxygen']",yes,Pulmonary rehabilitation
"An 11-year-old male with light purple eyes presents with gradual loss of bilateral visual acuity. Over the past several years, vision has worsened from 20/20 to 20/100 in both eyes. He also has mild nystagmus when focusing on objects such as when he is trying to do his homework. He is diagnosed with a disease affecting melanin production in the iris. If both of his parents are unaffected, which of the following represents the most likely probabilities that another male or female child from this family would be affected by this disorder?",Male: 50% Female: 0%,"['Same as general population', 'Male: 25% Female: 25%', 'Male: 50% Female: 50%', 'Male: 50% Female: 0%', 'Male: 100% Female: 0%']",yes,Male: 50% Female: 50%
"A 6-year-old boy is brought to the office by his mother. She reports that her son is well but has some concerns about his overall health: he is shorter and, physically, seems less developed compared to his siblings when they were the same age. He recently started school and the mother reports that the boy’s teachers are concerned with his learning capability. His height and weight are in the 10th and 15th percentiles, respectively. Lab results reveal:
Hemoglobin 10 gm/dL
Mean corpuscular volume 110 fL
Multi-segmented neutrophils are seen on peripheral blood smear. Urinary orotic acid levels are found to be high. What is the most likely cause of this patient’s condition?",Deficiency of uridine monophosphate synthase,"['Deficiency of uridine monophosphate synthase', 'Overactivity of uridine monophosphate synthase', 'Inhibition of carbamoyl phosphate synthetase II', 'Activation of inosine monophosphate dehydrogenase', 'Deficiency of cobalamin']",yes,Deficiency of uridine monophosphate synthase
"A 4-year-old boy is brought to the physician by his mother because of left-sided neck swelling that has slowly progressed over the past 4 weeks. He has no history of serious illness. Temperature is 38°C (100.4°F). Physical examination shows a non-tender, mobile mass in the left submandibular region with overlying erythema. A biopsy of the mass shows caseating granulomas. Pharmacotherapy with azithromycin and ethambutol is initiated. This patient is most likely to experience which of the following adverse effects related to ethambutol use?",Color blindness,"['Orange urine', 'Acute kidney injury', 'Color blindness', 'Methemoglobinemia', 'Peripheral neuropathy']",yes,Color blindness
"A 33-year-old woman presents to the emergency department with pain in her right wrist. She says she was walking on the sidewalk a few hours ago when she suddenly slipped and landed forcefully on her outstretched right hand with her palm facing down. The patient is afebrile, and vital signs are within normal limits. Physical examination of her right wrist shows mild edema and tenderness on the lateral side of the right hand with a decreased range of motion. Sensation is intact. The patient is able to make a fist and OK sign with her right hand. A plain radiograph of her right wrist is shown in the image. Which of the following bones is most likely fractured in this patient?",Bone labeled 'D',"[""Bone labeled 'A'"", ""Bone labeled 'B'"", ""Bone labeled 'C'"", ""Bone labeled 'D'"", ""Bone labeled 'E'""]",yes,Bone labeled 'C'
