input,label
"Product Name: Finn Maxi French Navy Description: Made from 100% linen, our Finn Maxi is a beautiful relaxed style. The three tiered, dress will become your new favourite to grab and go when it comes to any occasion.¬†Wear it casually with sandals and sneakers or spice it up with wedges!
 
  * Tiered maxi 
  * Beautiful quality linen
  * Scoop neck 
  * Button opening at back 
  * Sleeveless 
  * Waist to hem length is 78 cm (size 12) 
  * Our model is 171cm (5'7) 
  * Gentle machine wash",Midi
"Product Name: A printed woven mini dress-ID18914 Description: A printed woven mini dress featuring plunging V neckline, short puff sleeve, O ring at front, side cut out, layered full skirt, back button down closure and half open back
 
 Details
 
 Self : 100% Polyester
 Lining : 100% Polyester
 
 Size & Fit
 
 - Model is 5`8"" And Wearing Size Small
 - Measurements Taken From Size Small
 - Approx. Length: 42.5""",Mini
"Product Name: Zebra Stars Description: Make a statement and look fabulous in this all-over printed, fitted dress.
 ‚Ä¢ Fabric weight: 6.61 oz/yd¬≤ (224 g/m¬≤)
 ‚Ä¢ Made with smooth, comfortable microfiber yarn
 ‚Ä¢ Material has a four-way stretch
 ‚Ä¢ Blank product components sourced from China
 
 ‚Ä¢ Blank product components sourced from China",Mini
"Product Name: Fahela Dress - Stay Groovy Description: Let the Fahela dress be your perfect companion for those chillier fall days. Its unique mini silhouette, long split sleeves, and cotton corduroy fabric will keep you feeling cozy and looking groovy! Zip up the high-neck back and you‚Äôll be ready to take on the day in style. Stayin' warm and lookin' good - you can do both with this piece!",Mini
"Product Name: SD390022 SLEEVELESS SIDE LACE DETAIL BANDAGE DRESS Description: SD390022 SLEEVELESS SIDE LACE DETAIL BANDAGE DRESS
 
 92% POLYESTER, 8% SPANDEX
 
 
 
 MODEL IS WEARING A SMALL
 
 HEIGHT: 5'7""
 
 BUST: 34
 
 WAIST: 26
 
 HIPS: 42
 
 SHOES: 8",Knee-Length
Product Name: Moss Dress Description: nan,Midi
"Product Name: Tropical print racer back maxi Description: Sleeveless racer back peplum flower print maxi dress in soft knit fabric.
 95% Polyester 5% Spandex
 Made in USA
 Model: 5'7"" wearing size small
 Length (S) 54"" inches
 Bust (S) 32"" inches",Maxi
"Product Name: Pink Floral Mini Dress With V Neck And Spaghetti Straps Description: Pink Floral Mini Dress With V Neck And Spaghetti Straps 
 
  100%Rayon
 
 Lined",Mini
"Product Name: SHORT RUFFLE SLEEVE BUTTON DETAIL SOLID DRESS Description: 65%RAYON 30%POLYESTER 5%SPANDEX
 
 SHORT RUFFLE SLEEVE BUTTON DETAIL SOLID DRESS",Mini
"Product Name: Poly Cotton Drawstring Waist Curved Hem Dress Description: Poly Cotton Drawstring Waist Curved Hem Dress
 - Drawstring Elastic Waist
 
 
 
 Total Body Length: 43"", Bust: 35"" Approx.
 
 - Measured From Small
 
 
 
 * Color May Vary Slightly Due To Monitor Resolution
 
 
 
 Fabric 65% Polyester 35% Cotton
 Made In Cambodia",Knee-Length
"Product Name: (2 Colors) Back Detailed V-Neck Tie-Strap Dress Description: 1 Pack Contains: XS - S - M - L - XL
 
 
 We specializes in creating sophisticated apparel that strikes the perfect balance between trendy and timeless. Refresh your everyday look with their budget-friendly finds. We create clothing with classic cuts, sophisticated palettes and timeless beauty. Add their line to your wardrobe for looks that never go out of style.
 
 
 *********************
 Made in Turkey
 *********************",Mini
"Product Name: Prairie Dress Description: Print satin knee-length dress with box pleat at front v neck
 Model is 5'8"" and wearing a Smal;
 Tumble dry low or lay flat to dry",Knee-Length
"Product Name: NEEVA Strapless Ruched Side Knee Length Sheet Print Dress Description: *WE ACCOMMODATE ORDERS FOR LATER DELIVERY. TO REQUEST A LATER DELIVERY DATE, PLEASE SEND US A SEPARATE MESSAGE WITH YOUR ORDER # AND DELIVERY DATE YOU WOULD LIKE.
 
 NEEVA 824
 
 Strapless neckline
 Ruched on one side
 Knee length
 Lined
 Luxurious 100% Polyester stretch mesh imported from Italy.
 Beautiful abstract floral print
 Fully lined - 100% Nylon
 Washable.
 Made in the USA
 
 Match with NEEVA 491 bolero or NEEVA 100 shawl",Knee-Length
Product Name: Mini Waist Skirt Description: Short black skirt. Elastic waistband with adjustable drawstring in the same fabric. Viscose 95% Elastane 5%. Model height 174cms and wears size M.,Mini
"Product Name: SOLID SMOCKED RUFFLE MIDI DRESS Description: SOLID SMOCKED SQUARE NECK RUFFLE MIDI DRESS
 
 
 
 100%RAYON
 
 
 
 Model is wearing Small
 
 Height: 5'9""
 
 Bust : 32B
 
 Waist : 24‚Äù
 
 Hips : 34‚Äù",Midi
"Product Name: V3258 Printed satin skirt Description: Printed satin short skirt, with lining. Closes with a zip on the side. The model is 166 cm tall and is wearing a size S, which corresponds to a 36. Length of the skirt in S=42cm. Can be worn with the V3257 shirt for a total look.",Mini
"Product Name: Body con - ribbed Mini sweater Dress 8089-T1 Description: ribbed sweater dress featuring cross neck ,mini dress , body con silhouette",Mini
"Product Name: Leopard and Paisley Print Mixed Tiered Maxi Skirt Description: Leopard and Paisley Print Mixed Tiered Maxi Skirt with Elastic Waistband
 
  100% Polyester
 
 * Shop for Contemporary: TC2280
 
 
 
 Model is 5'9"" wearing an 1XL. (WT. 0.9)",Maxi
"Product Name: Chic Star Plus Size Asymmetric Lace Dress In Black 120122 Description: It's a knee length dress with laces in bust, back and sleeves. Pleats in skirt. Side zip.
 
 Standard size S approx. length: 100 cm/ 39.4 inches; Plus size approx. length: 109 cm/ 42.9 inches.
 
 FREE WORLDWIDE SHIPPING WITH ONE WEEK DELIVERY TIME.
 CUSTOM LABEL AVAILABLE, PLEASE CONTACT US FOR DETAILS.
 
 
 MATERIAL:
 BODY
 97% COTTON
 3% SPANDEX
 TRIM
 90% NYLON
 10% SPANDEX
 
 CARE:
 HAND WASH
 DO NOT WRING
 DO NOT BLEACH
 MEDIUM IRON
 NO TUMBLE DRY
 DRIP DRY",Knee-Length
"Product Name: Sasha long shirt dress Description: Long shirt dress
 Lapel neckline
 Short sleeves
 ECOVERO‚Ñ¢ certified viscose material
 Exclusive print, designed in our London studio
 Unlined, not transparent
 
 Sparkling, attractive, lively. We love this exclusive Zibi London print that makes all the difference and brings a joy of life thanks to its colors. 
 
 We like to pair it with: white sneakers or flat sandals and a pair of glasses, of course.
 
 Composition & Care Instructions:
 100% Viscose
 Delicate machine wash according to instructions on the care label",Maxi
"Product Name: Women‚Äôs Fit & Flare Ballet Dress Description: Pact‚Äôs eco-friendly and affordable Women‚Äôs Fit & Flare Ballet Dress made with organic cotton. Give us a twirl. The Ballet Dress is a party-favorite fit in our bestselling, holds-you-in fabric. Prepare for compliments!. Soft organic cotton with a touch of stretch. Double-layer bodice with shaped waist. Removable belt. Hidden on-seam pockets. Full length sleeves. Shorter length, hits above the knee on most. If you are between sizes, we recommend ordering a size up. Machine wash cold. Tumble dry low. 95% Organic Cotton. 5% Elastane. GOTS Certified Organic Cotton. Fair Trade Certified‚Ñ¢ Factory.",Knee-Length
"Product Name: .SC149778 Mardi Gras Fold-over sleeve Dress w/ Pockets Description: ***Image usage is allowed to the buyers who purchase from us via Faire only.
 
 
 Fabric Content: 95% COTTON, 5% SPANDEX",Mini
"Product Name: SMOCKED OFF THE SHOULDER BODICE MIDI DRESS FD9701 Description: SMOCKED OFF THE SHOULDER BODICE MIDI DRESS
 
 S:100%POLY L:100%POLY",Midi
"Product Name: Chic Star Linen Hanbok Dress Set In Green Description: It's a short sleeve midi dress set of Hanbok style. Top part made of printed cotton fabric and skirt part made of linen fabric. Wrap style with a tie for the top, belted waist with pockets for the skirt.
 
 Standard size S approx. length: 106 cm/ 41.7 inches; Plus size approx. length: 115 cm/ 45.3 inches.
 
 FREE WORLDWIDE SHIPPING WITH ONE WEEK DELIVERY TIME.
 CUSTOM LABEL AVAILABLE, PLEASE CONTACT US FOR DETAILS.
 
 
 MATERIAL:
 TOP
 100% COTTON
 BOTTOM
 100% LINEN
 
 CARE:
 HAND WASH
 DO NOT WRING
 DO NOT BLEACH
 MEDIUM IRON
 NO TUMBLE DRY
 DRIP DRY",Midi
"Product Name: Women Woven Satin Floral Print A-Line Midi Skirt Description: 100% Polyester
 
 Women Woven Satin Floral Print A-Line Midi Skirt",Midi
"Product Name: Two-Tone Hooded Zip Dress Description: A comfy and chic hooded zip dress in a soft and refined cotton. Featuring an adjustable drawstring hood with full front zip-up closure and donning a striking two-tone design accented with patch pockets, this zip dress is an essential for any Fall wardrobe. 
 
 Details: 
 Drawstring hood. 
 Full-length sleeves. 
 Full front zip-up closure. 
 Patch pockets. 
 Straight elastic hem, hits at the knee. 
 
 Fit: Over-sized/Loose fit. 
 
 Model Size: 170cm/5'7"" and wearing a Small",Knee-Length
"Product Name: Linen Skirt Description: Linen, Acacia bark Skirt.
 
 Tribal, classy, comfortable. Highwaisted, zipper side, V-cut front and back, fringe finish. Material is soft, gets softer as you wash it. detailed unfinished seams.
 
 Where the wild woman roams; rootzy nature wear meets classic business babe.
 
 Raw, Teal, Ros√© and Yellow
 
 *for Ros√© and Yellow the linen is a grade thicker than Raw and Teal
 
  
 
 *plant dyed
 
 *sustainable, earth friendly material only and always fair trade. 50/50 Linen Acacia bark mix.
 
 women supporting women.",Knee-Length
"Product Name: ChicStar Plus Size Printed Wrap Midi Dress In Blue Floral Description: Full-skirted knee length dress with lightly gathered wrapped surplice bust that ties on the side. Side zip. The petticoat is not included.
 
 Standard size approx. length:40 inches; Plus size approx. length:44 inches.
 
 FREE WORLDWIDE SHIPPING WITH ONE WEEK DELIVERY TIME.
 
 MATERIAL:
 97% COTTON
 3% SPANDEX
 
 CARE:
 HAND WASH
 DO NOT WRING
 DO NOT BLEACH
 MEDIUM IRON
 NO TUMBLE DRY
 DRIP DRY",Knee-Length
"Product Name: Beautiful blue crepe dress Description: This gorgeous shaded blue one-piece comes in a pure crepe fabric with georgette sleeves. The beautiful cut dana work adds to its beauty and makes it a perfect outfit for engagements, evening parties, weddings, and all special occasions. The cape-style sleeves and the round neckline make the entire dress look totally perfect. This beautiful dress made from the finest fabric can be styled with heels and fancy jewellery.",Maxi
"Product Name: (2/1XL-1/2XL-2/3XL) LAVENDER SLEEVELESS PLUS SIZE DRESS Description: Features: scoop neckline, sleeveless, stretchy, flowy, lightweight, breathable, comfy",Maxi
"Product Name: Neck Lace / Hatler Neck Dress for Beach Cover Up Description: One Size
 Goga resort wear from the house of La Moda takes the shape of easy breezy designer dresses. This flowy halter neck maxi dress makes sure you keep up with the latest fashion trends. The collection at La Moda balances ease and elegance in equal measure.
 
 ‚Ä¢ Halter Neck Maxi Dress¬†
 ‚Ä¢ Cover Up,¬†
 ‚Ä¢ Beachwear, Resort Wear, Cruise¬†
 ‚Ä¢ 100% Polyester¬†
 ‚Ä¢ Printed, Multi-Color¬†
 ‚Ä¢ Size: One Size¬†
 ‚Ä¢ Washing Instruction: Hand Wash with Cold Water, Tumble Dry, Do not Iron",Maxi
"Product Name: SAFARI PRINT BUTTON UP THROUGH SHIRT DRESS Description: POLYESTER FABRIC , LIGHT WEIGHT, SOFT COTTON LIKE FEEL, SHORT SLEEVE, SAFARI PRINT DRESS, SKIRT LENGTH, DRESS WITH POCKETS, CASUAL DRESS, OUTDOOR DRESS, CHIC LOOK, CUTE DRESS, ANIMAL PRINT DRESS, WHITE COLOR DRESS, CONTEMPORARY FITTED, KNEE LENGTH DRESS, CREW NECK STYLE DRESS, MID LENGTH, SUMMER DRESS, SPRING DRESS",Mini
"Product Name: Trendyol Woman A-line Woven Plus Size Dress TBBSS22AH0012 Description: Material Composition: 100% Polyester
 Occasion: The Fitted Plus Size Dress is perfect for Casual occasions. Our Plus Size collection offers all the must-haves and latest trends in sizes up to 6XL from casual outfits to comfy sweats and glamorous night looks.
 Design: This is a Square collar Midi fuchsia Plus Size Dress for Women / Girl. This Woven Plus Size Dress has a A-line design with a Plain pattern.",Midi
"Product Name: Women Dress, Loose Dress, Shift Dress, Long Sleeve Dress Description: Women Dress, Loose Dress, Shift Dress, Long Sleeve Dress, Winter Dress, Elegant Dress, Maternity Dress, Pocket Dress, Oversize Dress
 
 Women Dress, Loose Dress, Shift Dress
 
 When You dress LeMuse You feel beautiful and cozy. LeMuse hides all imperfections and makes You perfect.
 
 DETAILS:
 - Color: light gray.
 - Handmade in our studio.
 - Fits for any body size women.
 - Custom orders available on request. Custom orders are not refundable. Time to produce - approximately 2 weeks.
 
 COLOR OPTIONS:
 - You can choose available colors in the drop down menu above.
 - Colors might vary depending on computer monitor settings and lightening.
 
 CARE:
 - Turn inside out before washing.
 - Use warm hand wash or cold machine wash (gentle cycle).
 - Do not bleach, soak, rub, or tumble dry.
 - Warm iron on inverse if needed.
 
 SIZING:
 - Please, refer to item measurements (before purchasing) in our clothing size chart as the picture of this listing.",Knee-Length
"Product Name: Wrap Floral Print With Side Pockets Description: Wrap Floral Print With Side Pockets
 62% Polyester 34% Rayon 4% Spandex
 Made In Usa",Knee-Length
"Product Name: Navy Blue Sleeveless dress with Contrast Detail Description: Sleeveless dress in navy blue woven stretch gabardine fabric. Contrast ecru in the same fabric around the armholes. Round neckline and slightly racer shoulders. Darts at the bust and vertical seams in the front and the back for the perfect fit. Fastens in the back with a concealed zip. Small 9cm slit in the back. Fully lined. Our model has height 178 cm and wearing size 36. Measurements for size 38 (in cm):Bust-44, Body length-100, Waist-42, Shoulder width-27, Hemline-47. Garment is fitted.",Knee-Length
"Product Name: LITTLE PATTY MIDI DRESS LUNA PARK Description: The Little Patty Dress is a super flattering style with a definite vintage vibe, especially in the abstract mixed prints of Luna Park.¬†
 
 
 The Luna Park Little Patty is in our exclusive mixed prints in a beautifully soft, organic cotton voile. This cotton is cool and easy to care for.
 
 The Little Patty Dress will prove a versatile member of your wardrobe. It can be worn casually with flats, or add a belt and heels for when you are going somewhere special.
 
 Little Patty works well with a heel or a flat, depending on your mood and mission. The print means it doesn't need a lot of accessorising, but feel free to add a pair of your favourite vintage inspired earrings.",Midi
"Product Name: FAUX LEATHER SLEEVELESS RUFFLE DRESS (FD3492) Description: FAUX LEATHER SLEEVELESS RUFFLE DRESS
 
 55% P.U. 40%POLY 5%SPANDEX",Mini
"Product Name: Women‚Äôs Clearance The Soir√©e Fitted Tank Dress Description: Pact‚Äôs eco-friendly and affordable Women‚Äôs Clearance The Soir√©e Fitted Tank Dress made with organic cotton. Places to go, people to impress. The Soiree Fitted Tank Dress is a flirty-yet-sophisticated number, designed for dressing up, dressing down, and feeling your best. Made with a super stretchy organic cotton blend. Double-layered front bodice for full coverage. Crew neck, sleeveless. Twisted open back detail. Flat elastic at back waist. Flirty front vent for movement. If you are between sizes, we recommend ordering a size up. Machine wash cold. Tumble dry low. 74% Organic Cotton. 21% Recycled Polyester. 5% Elastane. GOTS Certified Organic Cotton. Fair Trade Certified‚Ñ¢ Factory.",Midi
"Product Name: Women's African Bell Sleeves Wrap Dress - FI-56 Description: This wrap-around V-Neck dress is a one-size-fits-most item.¬†
 The bell sleeves are a sure winner! The dress conforms to your body size and comes with the matching headwrap Lapa
 100% Cotton
 More Colors are Available.¬†
 Made in India",Maxi
"Product Name: Crochet Lace Midi Dress Description: Crochet Lace Midi Dress
 Crochet Dress Featuring A High Neck, Short Sleeves, Back Zipper, Separate Inner Dress. Feminine, Sophisticated And Insanely Versatile, This Midi Is Destined To Be A Favorite Summertime Go-to.
 
 
 
 -model Is 5'9"" And Wearing A Small
 
 Fabric100%polyester
 Imported
 Made In Imported",Midi
"Product Name: SOFT RIB V NECK BUTTON DOWN MIDI DRESS_B30131 Description: SOFT RIB V NECK BUTTON DOWN MIDI DRESS
 
 CWDMD167",Midi
"Product Name: & Captivated Resort Dress Description: Your young girl will love the & Captivated Resort Dress. The perfect throw on at the beach, this dress makes for a sweet stylish look. Crafted from a lightweight fabrication this dress features a custom Marlo floral print perfect for warm summer days.
 
  * Custom Marlo floral print fabrication 
  * Tie-up detailing 
  * Relaxed fit 
  * Classic silhouette 
  * Hand Wash 
 Material: 100% Cotton
 
 Model wears a size 9-10 yrs",Knee-Length
"Product Name: R224W Description: LONG OFF SHOULDER WITH POCKETS
 
 LONG OFF SHOULDER WITH POCKETS",Maxi
"Product Name: 552 - Gold Cording Embroidery Dress Description: Luxurious gold cording embroidered sleeveless dress. The bodice has a sheer sweetheart shaped neckline and the skirt is full with a layer of glitter tulle. This dress is sure to make a statement at any pageant or special occasion.
  
 ‚Ä¢ 100% Polyester
 ‚Ä¢ Tulle Hard Net for Extra Skirt Volume
 ‚Ä¢ Zip Fastening
 ‚Ä¢ Sash for Tightening
 ‚Ä¢ Tea- Full Length
 ‚Ä¢ Dry Clean Only
 ‚Ä¢ Made in USA",Maxi
"Product Name: Grace Dress - School of Fish Pink/Green Description: We love the colors of this dress! Nautical and fresh, the resort-ready design is slightly flared at the hemline with 3/4 length sleeves for coverage. Moisture wicking, the nylon blend fabric offers UPF 50+ for days spent in the sun. Dress it up with accessories for evening wear.
 
 Model is 5'6"" and wearing a size Xsmall.",Mini
"Product Name: POPPY Description: Quiltet¬†Poppy i sort.
 
 Justerbar med sine sl√∏jfer i ryggen.
 
 
 Kjolen er onesize og fitter str. 34-40.
 
 ¬†
 
 KOMPOSITION:¬†100% polyester
 
 Vaskes p√• 30¬∞.
 
 ¬†
 
 Modellen er 175cm h√∏j og en str. 36-38.
 
 Designet & syet i hjertet af Aarhus.
 
 Kjolen¬†syes p√• bestilling og har en leveringstid p√• 7 hverdage. Har du behov for at modtage din kjole hurtigere, bedes du kontakte os p√• info@mettebjergstudio.com. Ved hasteordrer p√•l√¶gges et gebyr p√• 200 kr.",Knee-Length
"Product Name: Floral Print Indian Cotton Gown Dress Block Print Dress Midi Dress Boho Long Maxi Dress Cotton Dress Skater Circle Dress Handblock Dress Description: This dress may look like a simple one but it fits and falls like a dream. Flattering to all body types, it has a shirt collar and box pleats in the skirt area. It has a big flare and the excess frill at the lower part makes it fall so well. Bonus- it comes with two pockets !!
 Product details
 ‚Äì Fabric- 100% cotton
 ‚Äì Fir and flare
 ‚Äì Two pockets on sides
 ‚Äì Gentle hand wash
 ‚Äì Made in india
 Sizing-
 Our sizing is in inches. Please refer to the sizing below before placing your order. These are garment measurements.
 Length of the dress- 50""
 S: bust- 36‚Ä≥, waist- 34‚Ä≥, hips- 40‚Ä≥
 M: bust- 38‚Ä≥, waist- 36‚Ä≥, hips- 42""""
 L: bust- 40‚Ä≥, waist- 38‚Ä≥, hips- 44‚Ä≥
 Xl: bust- 42‚Ä≥, waist- 40‚Ä≥, hips- 46‚Ä≥
 Xxl: bust- 44‚Ä≥, waist- 42‚Ä≥, hips- 48‚Ä≥
 3xl: bust- 46"", waist-44"", hip- 51"" ""
 Please note these are standard measurements for regular fit and will vary according to the style and cut of the design.",Midi
"Product Name: Long dress Ref: LA-230069 Description: PLAIN DESIGN DRESS, RUCHED DETAIL AT THE WAIST, ROUND NECK, INVISIBLE ZIP FASTENING BEHIND, WIDE STRAPS SLEEVE",Maxi
"Product Name: Women‚Äôs The Mix Tee Dress Description: Pact‚Äôs eco-friendly and affordable Women‚Äôs The Mix Tee Dress made with organic cotton. A touch of 90s nostalgia, with subtle texture and timeless style. Super soft melange jersey. Ribbed crewneck with keyhole back button. Tacked rolled sleeves. Two side pockets. Hits above the knee on most. We recommend ordering your true size. Machine wash cold. Tumble dry low. 100% Organic Cotton. GOTS Certified Organic Cotton. Fair Trade Certified‚Ñ¢ Factory.",Mini
"Product Name: TIERED MIDI DRESS 82470 Description: TIERED MIDI DRESS FEATURING SWEETHEART SHAPED NECKLINE AND FIXED BUTTONS. THE DRESS HAS A SMOCKED BACK AND ADJUSTABLE STRAPS FOR COMFORT
 * S(2)-M(2)-L(2)
 * MODEL IS Height 5' 6"" Bust 32"" Waist 26"" Hips 37.5"" AND IS WEARING A SMALL",Midi
"Product Name: ChicStar Lace Trim Retro Dress In Pink Snow Description: It's a retro dress with lace trims in collar and bust. Buttons and a tie in front with pleats in sides. Side pockets in waist. The petticoat is not included.
 
 Standard size approx. length: 38 inches; Plus size approx. 42 length: inches.
 
 FREE WORLDWIDE SHIPPING WITH ONE WEEK DELIVERY TIME.
 
 MATERIAL:
 100% COTTON
 
 CARE:
 MACHINE WASH
 WASH SEPARATELY
 DO NOT BLEACH
 WARM IRON
 DO NOT TUMBLE DRY",Knee-Length
"Product Name: Chic Star Plus Size Belted Sleeveless Dress In Gray Description: This is a printed sleeveless dress with a belt and ruffles in the waist. Flaring skirt hem. Removable belt. Side zip. The petticoat is not included.
 
 Standard size approx. length: 40 inches; Plus size approx. length: 44 inches.
 
 FREE WORLDWIDE SHIPPING WITH ONE WEEK DELIVERY TIME.
 
 MATERIAL:
 97% COTTON
 3% SPANDEX
 
 CARE:
 MACHINE WASH
 WASH SEPARATELY
 DO NOT BLEACH
 WARM IRON
 DO NOT TUMBLE DRY",Knee-Length
"Product Name: PLUS SIZE SIDE SLIT COMFY DRESS Description: PLUS SIZE SIDE SLIT COMFY DRESS
 
 92% Polyester 8% Spandex
 
 Model is 5' 8"" and is wearing a 1X.",Midi
"Product Name: Hi Low Shift Dress with Drawstring Back - Black Description: Urban X Mineral washed Scoop neck 3/4 Ruffled Sleeve Cold Shoulder Hi-Low Shift Dress with Drawstring Back
 
 Occasion: Perfect Dress for Spring & Summer, Date night, Brunch, Festival, Beach, Weekend Getaway
 
 Content: 100% Cotton
 
 Care Instruction: Hand wash with cold water/ Do not bleach/ Hang or Line dry
 
 Origin: Made in USA
 
 Model is wearing sample size small
 
 8 (2S-2M-2L-2XL)",Hi-Low
"Product Name: Patrice Silver Sequin Short Dress Description: Patrice Silver Sequins Short Party Dress.
 Asymmetrical with a single sleeve and gathered at the waist.
 It adjusts to the body so that it fits you perfectly.",Mini
"Product Name: Printed Mesh Merrow Dress Description: ‚ô°¬†A bodycon mini featuring printed, mesh fabric, merrow detailing, one shoulder, and sleeveless
 
 ‚ô°¬†Made in China
 
 ¬†
 
 ‚ô° Model¬†
 
 Height:5‚Äô8‚Äù Bust:32‚Äù Waist:23‚Äù Hip:34",Mini
"Product Name: PLUS FRILL SLEEVE OPEN TIE BACK TIERED MIDI DRESS Description: PLUS CREW NECK FRILL SLEEVES OPEN TIE BACK TIERED SKIRT DETAIL MIDI DRESS
 
 
 
 S:80%RAYON 20%POLYESTER
 
 L:100%POLYESTER
 
 
 
 Model is wearing 1X
 
 Height: 5'10""
 
 Bust : 42C
 
 Waist : 38""
 
 Hips 45""",Midi
"Product Name: M40236 PLAID RUFFLE SKIRT Description: Model Height: 5'8"" 
 Model wears size S",Mini
"Product Name: Striped Tie-dyed Plus size Mini Dress Description: ‚Ä¢Mini dress with the crew neck and short sleeve for people's comfy wear
 ‚Ä¢The striped tie-dyed print in this mini dress is casual but stylish
 ‚Ä¢With the plus size style, the dress can afford most body type to wear
 ‚Ä¢The short dress is perfect for daily life, vacation, beach, party, work, cocktail or other activities
 ‚Ä¢Plus size dresses for women¬†are made for fuller lady to show their confident ¬† ¬† ¬† ¬† ¬†",Mini
"Product Name: Black/Pink Maxi Dress Description: Black/Pink Maxi Dress
 
  100%Rayon",Maxi
"Product Name: Alka Skirt - Vegas Volt Description: Fully lined mini flared skirt.
 
 Nylon, Viscose; polyester lining
 
 Made in Los Angeles USA",Mini
Product Name: Raccoon Print Dress Description: Crew neckline back zipper and tie racoon print dress with pockets,Knee-Length
Product Name: IDH78406 Description: Women's Halter Neck Sleeveless Waist Elastic Tiered Skirt Animal Print Satin Mini Dress,Mini
"Product Name: Studded denim mini skirt with pockets Description: Denim skirt, mini length, with buttons. On the front half of the reliefs of the product, two pockets, on the back coquette and two patch pockets.",Mini
"Product Name: Moon Goddess Organic T-Shirt Dress with Pockets Description: Wear this Moon Goddess Organic T-Shirt Dress and dance to the rhythm of your wild soul. Embrace the flowy bottom, side pockets, and above the knee length. This dress is the perfect mix of super-soft organic fabric and comfort. Matches perfect with a pair of Soul Flower leggings. Fair Trade Certified: made in India, hand screen printed in the USA. Dark Teal.
 
 Size and Fit: 
 Small - Bust: 32-34"" Length: 37.5"" 
 Medium - Bust: 34-36"" Length: 38"" 
 Large - Bust: 36-38"" Length: 38.5"" 
 X-Large - Bust: 38-42"" Length: 39"" 
 2X - Bust: 42-46"" Length: 40""
 3X - Bust: 46-50"" Length: 40""
 
 Fabric and Care:
 95% Organic Cotton, 5% Spandex
 GOTS Certified
 Made in Fair Trade Certified factory
 Made in India
 Knit fabric
 Fabric weight: 5.5 oz/sq yd
 Machine wash cold. Tumble dry low or line dry.",Mini
"Product Name: Dress 89 -Noble Artwear Description: 95% polyester, 5% elastane (fabric composition may vary by 1%)
 Fabric weight: 6.19 oz/yd2 (210 g/m2) (weight may vary by 5%)
 Premium knit mid-weight jersey fabric
 Midi length
 Long sleeves
 Side pockets
 Boat neckline
 Fitted on the waist
 Flared bottom part
 Optional inside label in the left pocket",Midi
Product Name: Off Shoulder Corset Dress Description: Plus size solid print short dress with hardwear corset detail and off the shoulder sleeves by Haute Fox.,Knee-Length
"Product Name: Tropical Sundress Description: Multi colored open back maxi dress
 No zippers
 Runs true to size with good stretch
 
 
 Model 5'1 wearing a size small",Maxi
"Product Name: 9810D Description: LONGDRESS, SLEEVELESS ,HALTER, CUT OUT",Maxi
"Product Name: Chic Star Embossed Jacquard Dress In Lilac 033123 Description: It's a long sleeve midi dress made of embossed jacquard fabric. Pleats in bust and sleeves. Back center zip. Fully lined.
 
 Standard size S approx. length: 133 cm/ 52.4 inches; Plus size approx. length: 141 cm/ 55.5 inches.
 
 FREE WORLDWIDE SHIPPING WITH ONE WEEK DELIVERY TIME.
 CUSTOM LABEL AVAILABLE, PLEASE CONTACT US FOR DETAILS.
 
 
 MATERIAL:
 BODY
 100% POLYESTER
 TRIM
 100% POLYESTER
 LINING
 100% POLYESTER
 
 CARE:
 HAND WASH
 DO NOT WRING
 DO NOT BLEACH
 MEDIUM IRON
 NO TUMBLE DRY
 DRIP DRY",Midi
Product Name: HD2360D - REGULAR SIZE Description: ETHNIC LEOPARD ANIMAL AND FLORAL PATCHWORK PRINT V NECK BABY DOLL RUFFLE FRILL SHORT SLEEVE MIDI LENGTH KNIT DRESS WITH SIDE POCKETS,Knee-Length
"Product Name: LCD2065-GELA COLD SHOULDER MIDI DRESS | ARMY GREEN Description: Cold shoulder midi dress with utility-inspired detailing. In a slim fit with a button-front closure down to the ruffle midi-length hem. Features an elastic banded square-neck style with cut-out shoulders and a matching back. Short puff sleeves with tie detailing; o-ring belt at the waist; pockets at the hips. Adjustable straps.
 Rayon, polyester, spandex
 Imported
 Lucca Style No. LCD2065
 Model is 5'9'' and wearing a size S.",Midi
Product Name: Printed Fluid Dress Description: Midi dress made with fluid viscose that is very pleasant to the touch. V-neck and sleeveless. Ruffled hem and rubberized waist,Midi
"Product Name: CP8807-Asymmetrical Overlay Skort Description: A woven skort featuring an asymmetrical overlay hem and a elasticized waistband on the back.
 Model Size + Fit:
 Model height: 5'9"" Dress size: 2 Bust: 33 Waist: 25 Hips: 34",Mini
Product Name: PLUS SIZE CHIFFON HOOK EYE WAIST FLARE DRESS Description: PLUS SIZE CHIFFON HOOK EYE WAIST FLARE DRESS. 100% POLYESTER.,Knee-Length
"Product Name: 8162 Description: ""TULLE TWO PIECE , RHINSTONE BODICE""
 
 100% POLYESTER",Maxi
"Product Name: Floral Spring Pleated Skirt Description: With an A-line silhouette and free-flowing accordion pleats, this magnificently hued midi skirt will add timeless charm to your closet.
 
  * Fixed waistband 
  * Without pockets 
  * Regular-fit 
 
 Anna is 174cm, wearing Small. Chest: 83 cm Waist: 61cm¬†Hip: 90cm
 
 75% Polyester 25% Cotton
 
 
 This product is manufactured from surplus fabrics with minimum environmental impact¬†where child labour is strictly prohibited and regular employment policies are applied.
 
 ¬†",Midi
"Product Name: Chic Star Flared Retro Skirt In Purple 093022 Description: It's a retro skirt with buttons in waist and ruffles in bottom hem. Side zip.
 
 Standard size approx. length: 28 inches; Plus size approx. length: 31 inches.
 
 FREE WORLDWIDE SHIPPING WITH ONE WEEK DELIVERY TIME.
 
 MATERIAL:
 90% POLYESTER
 10% SPANDEX
 
 CARE:
 MACHINE WASH
 WASH SEPARATELY
 DO NOT BLEACH
 WARM IRON
 DO NOT TUMBLE DRY",Knee-Length
"Product Name: DIVA DOSE CUTOUT SLEEVELESS MIDI DRESS Description: * Style No.: HF23C282
 
 
 
 IT'S ABOUT TIME YOU LET YOUR SULTRY SIDE OUT! MADE WITH A RUCHED BUST AND DAINTY SHOULDER STRAPS THAT CRISSCROSS AT THE BACK, THE BODICE IS DECORATED WITH A CUTOUT AND O-RING DETAIL AT THE WAIST. FIGURE-ADHERING SILHOUETTE IS ACCENTED WITH A SIDE SLIT.
 
 
 
 MODEL IS 5' 7"" TALL, 32"" CHEST, 25"" WAIST AND 35"" HIPS AND WEARING A SIZE SMALL
 
 
 
 IMPORTED. DESIGNED IN THE USA",Midi
"Product Name: FD7257 Love Forever Off The Shoulder Tiered Dress Description: FD7257
 
 
 
 This ditsy floral dress features off-the-shoulder, voluminous long sleeves, ruffled edges, and a sash tie detail. It has elastic bands on the necklines, waist, and sleeve openings. Fully lined. Model is 5'9"" and wearing size Small. 
 
 
 
 Shell: 100% Rayon
 
 Lining: 100% Rayon",Midi
"Product Name: D52747 French terry animal print knit dress Description: D52747
 French terry animal print knit dress",Mini
"Product Name: ...._ SC93232 PREMIUM LONG SLEEVE FLARE DRESS WITH POCKETS Description: ***Image usage is allowed to the buyers who purchase from us via Faire only.
 
 Breeze through your weekday with the effortless look of this relaxed tunic dress enriched with pockets for keeping hands cozy. Its solid hue makes a fresh base to pair with jackets and boots for season-spanning comfort and style.
  Size S: 36"" long from high point of shoulder to hemModel (wearing size S): 5' 7'' tall; 32'' chest; 25'' waist; 35'' hips55% polyester / 40% rayon / 5% spandexMachine washImported
 Fabric Content: 57% POLYESTER 38% RAYON 5% SPANDEX
 
 *Good for Christmas gifting*",Knee-Length
"Product Name: ChicStar Short Sleeve Retro Dress In Red Floral Description: It's a retro dress with scoop neckline and short sleeves. Belt ties in waist. Back center zip. The petticoat is not included.
 
 Standard size approx. length: 42 inches; Plus size approx. length: 46 inches.
 
 FREE WORLDWIDE SHIPPING WITH ONE WEEK DELIVERY TIME.
 
 MATERIAL:
 BODY
 100% COTTON
 
 CARE:
 MACHINE WASH
 WASH SEPARATELY
 DO NOT BLEACH
 WARM IRON
 DO NOT TUMBLE DRY",Knee-Length
Product Name: Cap Sleeve Band Collar Cotton Dress Description: nan,Midi
"Product Name: Chic Star Belted Pleat Dress In Red Dots 030923 Description: The retro style dress is made of polka-dot fabric, with bow accent that leads into large one side pleats, flare out in the bottom hem, the petticoat is not included.
 
 Standard size approx. length: 43.70 inches; Plus size approx. length: 48.43 inches.
 
 97% cotton / 3% spandex; Machine wash.
 
 FREE WORLDWIDE SHIPPING WITH ONE WEEK DELIVERY TIME.
 
 MATERIAL:
 97% COTTON
 3% SPANDEX
 
 CARE:
 MACHINE WASH
 WASH SEPARATELY
 DO NOT BLEACH
 WARM IRON
 DO NOT TUMBLE DRY",Knee-Length
"Product Name: HALF SLEEVE RIBBED KNIT MINI DRESS Description: HALF SLEEVE RIBBED KNIT MINI DRESS
 
 
 
 78% POLY 22% RAYON
 
 
 
 MADE IN USA
 
 
 
  SLH7644",Mini
"Product Name: MAHOGANY WINE CHARCOAL TIE DYE FLOUNCE MIDI DRESS Description: Features: round neck, long sleeves, tent line, asymmetric shirred hemline, side pockets, shift, soft, cozy, unlined, lightweight, trendy, fashion,",Knee-Length
"Product Name: Liv Mini Ruffle Dress - Black Stripes Description: Liv Mini Ruffled Dress has an effortless silhouette designed for wonderers and intuitive women. This relaxed dress features an open back with adjustable straps, leaving you free to explore and enjoy the lazy days on beach with an open heart. It has delicate details like ruffles trim that completes your feminine silhouette. 
 
 How to wear it: Paired with wicker sandals and barely there natural look jewelry. 
 
 - V-neckline
 - Adjustable straps. 
 - Ruffle trim
 - 100% Turkish cotton
 - One size fits most
 - Length with Adjustable Straps: 33,5-37,5'' (85-95,1 cm), Bust: 17,7'' (45 cm)
 - Garment care: Wash in a laundry bag on delicate or gentle cycle, lay flat to dry or tumble dry, no heat, do not bleach 
 Fabrics are created exclusively for The Handloom and brought to life by skilled artisan partners in Turkey.",Mini
"Product Name: KIMONO SLEEVES WRAP DRESS Description: A woven mini dress featuring a wrap-front design with waist self-ties, surplice neckline, floral motifs throughout, kimono sleeves and a relaxed fit.
 
 -Model is 5'9"" and wearing a Small",Mini
"Product Name: Ruffled detail mini dress with square neckline, 1/2 balloon Description: Ruffled detail mini dress with square neckline, 1/2 balloon sleeves, tie cuff detail, and hidden back zipper closure.
 China",Mini
Product Name: BALLON STYLE LONG SLEEVE CROPPED TOP WITH MATCHING SKIRT SET Description: BALLON STYLE LONG SLEEVE CROPPED TOP WITH MATCHING SKIRT SET,Mini
Product Name: Hoodie Tie Dye Sweatshirt Dress Description: The White Mark Sweatshirt invigorates your favorite hoodie giving a familiar-but-fresh look and comfortable fleece coverage from day to night.,Mini
"Product Name: Girls Foiled Star Striped Long Sleeve Dress Description: * Style No.: JM03-GY6409
 
 Girls Foiled Star Striped Long Sleeve Dress
 *Striped Mesh Fabric
 *Elastc Waistline
 *Dress Lining
 
 S(7/8),M(9/10),L(11/12),XL(13/14)",Knee-Length
"Product Name: Women‚Äôs The Downtime Sweatshirt Dress Description: Pact‚Äôs eco-friendly and affordable Women‚Äôs The Downtime Sweatshirt Dress made with organic cotton. Inspired by our popular Essential Sweatshirt, this dress is the definition of cozy chic. Garment dyed for a vintage look on arrival. Flattering side panel with on-seam pockets. Layer over our Purefit Legging when temps drop. Hits above the knee. We recommend ordering your true size. Machine wash cold with like colors. Tumble dry low. 100% Organic Cotton. GOTS Certified Organic Cotton. Fair Trade Certified‚Ñ¢ Factory.",Mini
"Product Name: Green hued dress Description: This dress ensures that you look neat. You don't need a jacket over the top, but you can wear one if you want to vary the styles.",Midi
"Product Name: ITY Bra Cup Side Rouched Maxi Dress Description: * Style No.:DK1119
 
 
 
 ITY Spaghetti Strap Bra Cup Side Rouched Side Slit Maxi Dress
 
 Elegant, Sexy, Cocktail, Club, Nigh Out, Evening, Casual Dress",Maxi
"Product Name: ROV0115A SHORT SLEEVE SHORT DRESS Description: Short dress. Straight cut. Short sleeves Flywheels. Collar v. buttons. Color blue, green, orange. 100% viscose.Washing: Washing machine 30¬∞C.Corresponding sizes FR: S/M - L/XL (36/38 - 40/42) Corresponding US sizes: S/M - 8/10) Corresponding UK sizes: S/M - L/XL (8/10 - 12/14) Corresponding sizes DE: S/M - L/XL (34/36 - 38/40)",Knee-Length
Product Name: V NECK CAP SLEEVE TIERED MINI DRESS Description: V NECK CAP SLEEVE TIERED MINI DRESS 100% RAYON MADE IN VIETNAM SLI1346,Mini
"Product Name: 40% off-- Blue Terrazzo Long Sleeve Sideline Dress Description: classic modern style in a thoroughly modern stretch cotton jersey. wide neckline with stand-up collar, big, covered button and hidden snap at collarbone. A-line shape. Knee length.
  95/5 cotton-lycra jersey, preshrunk and colorfast. Machine wash and dry on low temp settings.",Knee-Length
"Product Name: Linen Front Button Dress Brigit Pure Black Description: Want to make a statement with your dress? From al fresco dinners and first dates to summer weddings, Brigit dress provides head-turning compliments and makes a lasting impression in whatever destination you are going. Featuring a flowy skirt, dreamy cap sleeves, and a gentle V-neckline, our sun dress is consciously made from organic 100% Linen fabric, and is a sure-fire for all seasons. Bonus point: It is organic and has OEKO-TEX certification which means the garment has gone through extensive testing to ensure that it is safe from all harmful chemicals and dyes. This gives peace of mind to anyone with sensitive or delicate skin. You can dress this elegant gown up with heels or down with strappy sandals. 
 
 TYPE: Dress 
 STYLE: Shirt 
 FIT: Regular 
 PATTERN: Solid 
 NECKLINE: V-Neck 
 SLEEVE LENGTH: Cap sleeves 
 POCKETS: Yes 
 SPECIALTIES: Button closure in the front, elastic waistband with tie 
 FABRIC: 100% Linen 
 FABRIC WEIGHT: 200gsm
 MADE IN: Lithuania",Midi
"Product Name: EKS3137 Pink Tweed Holiday Skirt Description: TWEED MINI SKIRT WITH BUTTON FRONT DETAIL
 
 100% POLYESTER",Mini
"Product Name: Poly Back Tie Up Maxi Dress Description: ‚ô°¬†A maxi dress featuring back tie closure, smocking waistband, frill hem, heart neckline, adjustable thin shoulder straps, and sleeveless.
 
 ‚ô°¬†Self & Lining: 100% polyester
 
 ‚ô°¬†Made in China
 
 ¬†
 
 ‚ô° Model ‚ô°¬†¬†
 
 Height: 5‚Äô9‚Äù Bust: 34‚Äù, Waist: 24‚Äù Hip:34",Maxi
Product Name: RETRO STYLE POLKA DOT CORDUROY DRESS Description: RETRO STYLE POLKA DOT CORDUROY DRESS,Knee-Length
"Product Name: Cayman Longer Skort Description: Product Information:
 Style #: 322-CM22
 Sporty, stylish & sun safe,¬†this versatile 17"" skort is ready to take you from the courts to the country club. Functional & fashionable, this skort features two side pockets and built-in shorts. Plus, the moisture-wicking UPF 50+ fabric is lightweight, breathable and wrinkle-resistant!",Mini
"Product Name: CWDSD0771_LAPEL SHORT DRESS Description: LONG SLEEVED LAPEL SHORT DRESS
 
 SIZE S(2) - M(2) - L(2) - XL(2)
 MADE IN CHINA
 
 WOMEN BLAZER, BATHING SUITS, CROCHET CARDIGAN, CABLE KNIT SWEATER, WHOLESALE T SHIRTS, BEACH COVER UPS, RUFFLE DRESS, EYELET BLOUSE, PUFF SLEEVE TOP, FLORAL DRESS",Mini
"Product Name: Striped Shoulder Tie Midi Dress Description: Striped Shoulder Tie Midi Dress
 Self: 100% Rayon| Lining: 100% Rayon
 Size S(2) - M(2) - L(2)
 Made in China
 
 * MODEL IS 5'10"" AND IS WEARING A SMALL.",Midi
"Product Name: CAMI MAXI DRESS WITH SIDE POCKETS Description: SKU : ..SZRS1024....
 
 
 
 V-NECK CAMI MAXI DRESS WITH SIDE POCKETS
 
 - ADJUSTABLE STRAPS
 
 TOTAL BODY LENGTH (HIGH POINT BUST): 48.5"", BUST: 34"" approx.
 
 - MEASURED FROM SMALL
 
 57% polyester 38% rayon 5% spandex",Maxi
Product Name: BD4787-A - REGULAR SIZE Description: WAFFLE MINI DRESS WITH BUTTON UP DETAIL,Mini
"Product Name: ChicStar Retro Polka-Dot Swing Dress In Black Polka-dot Description: The dress, features polka-dot on the bust with tie and in the pleats, two pleats in the front and back respectively, flaring out in the bottom hem, the petticoat is not included.
 
 Standard size approx. length: 43.27 inches; Plus size approx. length: 48.35 inches.
 
 97% cotton / 3% spandex; Machine wash.
 
 FREE WORLDWIDE SHIPPING WITH ONE WEEK DELIVERY TIME.
 
 MATERIAL:
 97% COTTON
 3% SPANDEX
 
 CARE:
 MACHINE WASH
 WASH SEPARATELY
 DO NOT BLEACH
 WARM IRON
 DO NOT TUMBLE DRY",Knee-Length
Product Name: JE966 Description: JE966,Maxi
Product Name: 31673D - V-Neck Multi Stripe Ruffle Tunic Dress Description: V Neck Multi Stripe Ruffle Tunic Dress,Mini
"Product Name: Shimmer silk pleat midi skirt in teal. Description: Shimmer silk pleat midi skirt in teal.
 
 100% silk feel polyester 
 
 Length: 82cm",Midi
Product Name: Loose Blue Ruffle Dress Description: This blue dress is crafted in woven viscose fabric. It has a round neckline. There is a 3cm wide placket in the front with decorative buttons which can be worn open or fastened. The dress has ¬æ length raglan bishop sleeves with 2 buttons at the cuffs. There are two wide ruffle panels: one starting at the waist and one starting in the middle of the skirt. The dress is styled in a loose silhouette and hits above the knee.,Knee-Length
"Product Name: Mystical Princess | 2 Piece Set Description: Outfit set inspired by your favorite princess! Set includes Floral Dress + purse! ¬†Channel your Inner Isabelle Vibes!¬† PERFECT for make believe play, a daytime fun dress or as our little girls love-- princess nightgowns!
 
 Fits True to Size, with lots of stretch and is very soft! Harper is wearing the size 3T and is 29 pounds. She can also wear the 2T but went up a size for longer wear and playtime or a night gown 
 
 This is the ultimate FAVE for the Season!¬†
 
 
 
 ¬†",Knee-Length
"Product Name: Women‚Äôs Fit & Flare Tie-back Dress Description: Pact‚Äôs eco-friendly and affordable Women‚Äôs Fit & Flare Tie-back Dress made with organic cotton. The newest addition to our Fit & Flare collection, with a flattering bodice, flowy skirt, and flirty tie-back. Prepare for compliments!. Soft, stretch fabric for everyday wear. Double-layered front bodice for full coverage. Elastic waist seam. Two hidden side pockets. Open back with a sweet-as-pie bow tie. We recommend ordering your true size. Machine wash cold. Tumble dry low. 95% Organic Cotton. 5% Elastane. GOTS Certified Organic Cotton. Fair Trade Certified‚Ñ¢ Factory.",Knee-Length
"Product Name: Women Dress, Long Sleeve Dress, Loose Dress Winter Dress Description: Women Dress, Long Sleeve Dress, Loose Dress, Winter Dress, Viscose Dress, Wrap Dress, Flare Dress, Bow Dress, Elegant Dress, Pocket
 
 Women Dress, Long Sleeve Dress, Loose Dress
 
 When You dress LeMuse You feel beautiful and cozy. LeMuse hides all imperfections and makes You perfect.
 
 DETAILS:
 - Color: light gray.
 - Handmade in our studio.
 - Fits for any body size women.
 - Custom orders available on request. Custom orders are not refundable. Time to produce - approximately 2 weeks.
 
 COLOR OPTIONS:
 - You can choose available colors in the drop down menu above.
 - Colors might vary depending on computer monitor settings and lightening.
 
 CARE:
 - Turn inside out before washing.
 - Use warm hand wash or cold machine wash (gentle cycle).
 - Do not bleach, soak, rub, or tumble dry.
 - Warm iron on inverse if needed.
 
 SIZING:
 - Please, refer to item measurements (before purchasing) in our clothing size chart as the picture of this listing",Knee-Length
"Product Name: Polar Isle Red Christmas Bamboo Girls' Long Sleeve Dress Description: So cozy you could live in this. We are so excited to add our newest product, the lounge dress! Our¬†Luxuriously Soft¬†Bamboo¬†Dresses are the¬†cutest and most comfortable loungewear¬†you could put your loved¬†one in, we promise.
 
 *Meant to be long, below knees, size down if you would prefer a shorter knee-length dress.¬†
 
  * Awarded the Seal of Acceptance¬†from the National Eczema Association with a 5 Star Rating as a skin-friendly product Great for Kids. 
  * Perfect fit¬†Designed to fit all¬†body types with a little stretch and a¬†luxuriously smooth fabric. 
  * Oeko-Tex Certified to be completely¬†Free of Chemicals¬†and pesticides. 
  * Tagless!¬†Free of all things irritating to our babies ever so sensitive skin.",Knee-Length
"Product Name: Katie Sleeveless Mini Dress Description: Fit is true to size.¬†
 
 Sizing:
 
  * Small 0-4 
  * Medium 6-8 
  * Large 10-12 
  * XL 14-16 
 
 Model is wearing a size small.
 
 95%Polyester 5%Elastane",Knee-Length
"Product Name: Chic Star Lace Midi Dress In Green Description: It's a mid-sleeve knee length dress with laces in bust, sleeves and front center of skirt. Decorative buttons in waist and sleeve cuffs. Side zip.
 
 Standard size S approx. length: 108 cm/ 42.5 inches; Plus size approx. length: 117 cm/ 46.1 inches.
 
 FREE WORLDWIDE SHIPPING WITH ONE WEEK DELIVERY TIME.
 CUSTOM LABEL AVAILABLE, PLEASE CONTACT US FOR DETAILS.
 
 
 MATERIAL:
 BODY
 97% COTTON
 3% SPANDEX
 TRIM
 48% NYLON
 52% COTTON
 
 CARE:
 HAND WASH
 DO NOT WRING
 DO NOT BLEACH
 MEDIUM IRON
 NO TUMBLE DRY
 DRIP DRY",Knee-Length
"Product Name: White Knee length Draped Women‚Äôs Skirt Bow High Waist Eco Description: Our bestseller looks beautiful, draped to perfection falls on the body and can be tied with a bow or a stash. Fully lined in cupro. Can be worn open as shown, or completely covered to look more modest. 
 
 High waisted, yet true to size, the hips fit freely for perfect comfort. 
 
 Ethically made in India
 
 Gorgeous drape, for a unique silhouette. 
 
 Closes at the back with an invisible zipper. 
 
 Made from eco friendly tencel & cupro.",Knee-Length
"Product Name: [WISHLIST] WL22-7113 - REGULAR SIZE Description: DOUBLE STRAP MINI DRESS WITH RUFFLE DETAIL
 - ADJUSTABLE STRAPS AND LINED",Mini
"Product Name: Short Sleeve Midi Dress with Elastic Waist Description: Short Sleeve Midi Dress with Elastic Waist 
 
 - This dress features banded crew neckline, short sleeves, elastic waistline, fixed waist ties, side slits and pull-over style.
 - 5-6 Years (Small), 7-8 Years (Medium), 9-10 Years (Large)
 - Easy removable label. 
 - 95% Rayon 5% Spandex
 - Made in USA
 - Hand wash cold or dry clean. Do not bleach. Hang to dry.",Midi
"Product Name: ETK-8763 Polka Dot Floral Striped Dress Description: Floral, Polka Dot, Striped Contrast Babydoll Tiered Tunic Dress 
 
 96% Polyester 4% Spandex, 95% Rayon 5% Spandex",Mini
"Product Name: LEOPARD PRINTED DRESS Description: LEOPARD PRINTED MINI DRESS WITH SELF TIE BACK AND FLUTTER SLEEVES 
 
 
 
 100% Poly
 
 
 
 Made in USA SLH6333",Mini
"Product Name: Linen Flounces summer Dress VALERIA Description: Purple Linen summer Dress with classic collar, two sides pockets and front buttons.
 
  * A-line dress. 
  * Made of: 100% linen. 
  * The model wears size M - 5‚Ä≤6‚Ä≥ / 170 cm.",Midi
"Product Name: SUPESU Eden Slip Dress, Cowl Neckline - Willow Blue Description: Elegant and minimalist, our Eden slip dress is 
 
 * made to last quality
 * elegant and versatile
 * a top trending item, cowl neckline
 * low maintenance, anti-wrinkle properties
 
 From coffee dates, home lounging, museum adventures, to simple grocery shopping, this silky comfort piece is sure to be your go-to for multiple occasions. 
 
 Made with SUPESU Satin, a proprietary satin with extra soft, silky smooth satin fabric developed by our SUPESU Fabric Dev Team.
 
 FIT: 
 Fits best with Apple, Rectangle and Inverted Triangle Body Types.
 Does not fit Hourglass or Pear Body Types.
 
 STYLING:
 Best layered with a jean or leather jacket, casual cardigan. Pair with black booties, casual white kicks, or bare feet around the comfort of your home. 
 
 DETAILS:
 Style: Cowl Neckline, Loose Fit Satin Slip Dress, 
 Fabric: SUPESU Satin, 100% Polyester, Anti-wrinkle Properties
 Model: 5'8, wearing M
 Wash & Care: Wash with like-colors, cold water. Put in the dryer and skip the iron. Dry with fabric softener",Midi
"Product Name: Ikumi Dress Description: Beautiful classy white dress with a blue glittery flounce in front. Pearl button back closure.
 
 90% Cotton 10% Polyester
 
 Hand Wash",Knee-Length
"Product Name: SET-SKIRT Description: SET-SKIRT
 
 83% POLYESTER, 17% RAYON",Mini
"Product Name: EMBROIDERED MINI DRESS - BLACK Description: MINI DRESS
 EMBROIDERED
 FRONT SMOCKING
 TIERED
 
 MODEL WEARS A SIZE SMALL",Mini
"Product Name: D4570-FLORAL MESH WITH LINING MEXI DRESS Description: FLORAL MESH WITH LINING MEXI DRESS
 BEST SELLING DRESS, MUST HAVE ITEM
 GOOD STRETCHY, SOFT FABRIC
 FITTED&ELEGANT&COMFORT
 Made In USA
 POLYESTER 95%, SPANDEX 5%
 1 PACK | 6 PCS. S(2)/M(2)/L(2)",Maxi
Product Name: Grey Maternity Dress - Pregnancy Dress Description: #NAME?,Knee-Length
"Product Name: Chantria Dress Description: This mid-century silhouette is crafted from from a lightweight recycled polyester fabric, with white flowers dancing throughout a yellow backdrop. The vintage style bodice is centred by a self-tie keyhole, and tiered ruffle sleeves. The back zipper nips in your form and the sweeping swing skirt drops from the empire waist to your knees for complete vintage appeal!",Knee-Length
Product Name: Skirt High Waist - Ocean Washed Tiles Description: This high wasist skirt has a classic fit and an A-line cut with midi length.,Midi
"Product Name: SOLID DRESS WITH BUTTON Description: ** IN STOCK NOW **
 
 
 
 95% RAYON 5% SPANDEX
 
 SHORT SLEEVE ROUND NECK SOLID DRESS WITH BUTTON AND SIDE POCKET DETAIL
 
 
 
 MODEL SIZE: HEIGHT 5'7"", BUST 34"", WAIST 24"", HIPS 34"" 
 
 WEARING SIZE: SMALL
 
 
 
 *The garment color may differ slightly upon arrival due to being taken with professional lighting also depending on what device you maybe using to shop*",Knee-Length
"Product Name: SQUARE NECK BABY DOLL DRESS (PLUS/REG) KRD4241 Description: SQUARE NECK BABY DOLL DRESS
 KRD4241",Mini
"Product Name: Chic Star Plus Size Curpo Viscose Dress In Orange 021623 Description: It's a long sleeve midi dress made of soft curpo and viscose fabric. Drawstring in neckline with ruffles and cut-out in bust. Elastic back and cuffs. Waist belt. Side zip.
 
 Standard size S approx. length: 116 cm/ 45.7 inches; Plus size approx. length: 125 cm/ 49.2 inches.
 
 FREE WORLDWIDE SHIPPING WITH ONE WEEK DELIVERY TIME.
 CUSTOM LABEL AVAILABLE, PLEASE CONTACT US FOR DETAILS.
 
 
 MATERIAL:
 60% CURPO
 40% VISCOSE
 
 CARE:
 HAND WASH
 DO NOT WRING
 DO NOT BLEACH
 MEDIUM IRON
 NO TUMBLE DRY
 DRIP DRY",Midi
"Product Name: OFF-SHOULDER FRONT SHIRRING CUT-OUT DRESS Description: OFF-SHOULDER FRONT SHIRRING CUT-OUT DRESS
 84%NYLON 16%SPANDEX | IMPORTED
 MODEL IS 5'8"" AND IS WEARING A SMALL",Mini
"Product Name: Chic Star Velvet Mesh Dress In Purple 041323 Description: It's a short sleeve maxi dress made of floral flocked velvet mesh fabric. Body lined. Back center zip.
 
 Standard size approx. length: 58.3 inches; Plus size approx. length: 61.8 inches.
 
 FREE WORLDWIDE SHIPPING WITH ONE WEEK DELIVERY TIME.
 CUSTOM LABEL AVAILABLE, PLEASE CONTACT US FOR DETAILS.
 
 
 MATERIAL:
 SHELL
 100% POLYESTER
 LINING
 100% POLYESTER
 
 CARE:
 MACHINE WASH
 WASH SEPARATELY
 DO NOT BLEACH
 WARM IRON
 DO NOT TUMBLE DRY",Maxi
"Product Name: ChicStar 1950s Summer Print Dress In Green Description: This dress features the hidden side seam pockets. Removable ribbon sash belt. Sleeveless. Side zip. The petticoat is not included.
 
 Standard size approx. length:38 inches; Plus size approx. length:42 inches.
 
 FREE WORLDWIDE SHIPPING WITH ONE WEEK DELIVERY TIME.
 
 MATERIAL:
 100% COTTON
 
 CARE:
 MACHINE WASH
 WASH SEPARATELY
 DO NOT BLEACH
 WARM IRON
 DO NOT TUMBLE DRY",Knee-Length
Product Name: Solid mini a-line Skirt with a back Gold-zipper Description: Latex/Patent solid mini a-line Skirt with a back Gold-zipper enclosure. (WT. 0.7),Mini
"Product Name: Mock neck knitted mini dress with square cut hem KC33026 Description: Mock neck knitted mini dress with square cut hem
 
 Coffee & grey & green color available
 
 Soft touch cashmere blended knitted fabric
 Mock neck
 Square cut hem line
 Long sleeve
 Regular fit
 Imported",Mini
"Product Name: Women's Long Crochet Dress Description: Get ready to unleash your inner bohemian goddess and embrace the spirit of freedom with our ""Women's Long Crochet Dress."" This dreamy dress is a delightful fusion of vintage-inspired charm and intricate crochet craftsmanship. With its flowing silhouette and delicate crochet details, it captures the essence of carefree style and bohemian elegance. Whether you're twirling at music festivals, exploring the beauty of nature, or simply radiating positive vibes in your everyday life, this dress will be your go-to attire. Let it be your stylish expression of freedom, creativity, and everlasting bohemian bliss. With the ""Women's Long Crochet Dress,"" you'll effortlessly exude the magic of the hippie era and dance to your own rhythm wherever you go. Peace, love, and endless adventures await you in this fabulous dress!",Maxi
"Product Name: JUPE LIN ORANGE BILLY Description: Billy is a 100% linen skirt, made with Hermes deadstock material. It has been designed and produced in Paris.
 
 Once you've placed your order, you can expect to receive it within 14 to 16 days.
 
 Fabric: LINEN
 
 Color: ORANGE
 
 Size: 34,36,38",Mini
"Product Name: CD02774-Knit V-neck Tank Dress Description: Knit V-Neck tank dress with ruffled hem and zippered back. Lined.
 Model Size + Fit:
 Model height: 5'9"" Dress size: 2 Bust: 33 Waist: 25 Hips: 34",Mini
"Product Name: TIERED RUFFLE MAXI SKIRT Description: SKU : SSK412....
 
 
 
 ***NEW***
 
 ELASTIC WAIST TIERED RUFFLE MAXI SKIRT
 
 57% polyester 38% rayon 5% spandex",Maxi
"Product Name: Snake skin printed maxi dress Description: STYLE NO : ED10727
 - Snake skin print maxi dress
 - Woven
 - Long sleeve with smocked hem
 - Round neck with button down 
 - Loose fit silhouette
 - 100% Polyester
 
 * Model is 5'8"" and wearing a small.",Midi
"Product Name: SD384622 PU LEATHER LONG SLEEVE MINI DRESS Description: SD384622 PU LEATHER LONG SLEEVE MINI DRESS
 
 55% POLYESTER, 45% PU
 
 
 
 MODEL IS WEARING A SMALL
 
 HEIGHT 5'7""
 
 BUST 34
 
 WAIST 25
 
 HIPS 39.5",Mini
"Product Name: Linen Basic Dress Zoe (optional handmade embroidery) Description: IMPORTANT - This item can be embroidered by hand. The embroidery is OPTIONAL. To have this item embroidered please select ""Customize this item for US$0,00/unit"" under size and color selectors and buy the embroidery separately in our catalogue.
 
 Long, loose silhouette 
 Double-layered in the chest area?
 Washed and soft medium weight linen (160 g/m¬≤)
 Optional handmade embroidery
 Embroidered on the thigh area, on the left side of the dress",Maxi
"Product Name: .SI-15922 SLEEVELESS MAXI DRESS SIDE SLITS POCKETS Description: Breeze through your day in sunny style and cool comfort in this flowing maxi dress fitted with side pockets and a rounded hemline that splits at the sides.
 
 HPS: 52'' measured from size small
 Model (wearing size S): 5' 7'' tall; 32'' chest; 25'' waist; 35'' hips
 75% viscose / 22% polyester / 3% elastane
 Machine wash
 Imported",Maxi
"Product Name: PRINTED MIDI SKIRT (SK2585-Pink) Description: Eye-catching abstract print in shades of pink
 Timeless and classic midi length design
 Flared hem adds a playful and feminine touch",Midi
"Product Name: Darlene Retro Full Circle Dress in Mint Green-Coral Description: Our Darlene swing dress would look perfect at any occasion, day or night! The 50s style dress features flattering short sleeves, a wide fitted waistband, a vintage full circle skirt and a vintage off the shoulder neckline with button detail. This stylish rockabilly dress is made from super soft cotton and fastens with a concealed side zip.
 Length of dress from underarm: 81cm*
 Width of hem: 183cm*
 *Please note that these lengths were taken from a size 12 dress and can vary, depending on the size. Please see our size chart for further measurements.
 Fabric Composition: 95% cotton, 5% elastane.
 Print: Stunning green multi tone print
 Thanks to our friend√Ç¬†neno_myvintagesheila for this great image.",Knee-Length
"Product Name: The Boyfriend Skirt Starter Set Description: Ease in to class and comfort with this sustainable swap. We present you with the Boyfriend Skirt. Repurposed from men's dress shirts, each skirt is unique. We source all shirts from thrift stores making them an eco-friendly option for your shop. While there have been a few repeats over the years, but 99% of our skirts are completely one of a kind patterns. Our team sources a strong balance between flannels/plaids, fun/wild prints, and your classic solids. Your starter set will come comprised of an eclectic mix that appeal to your customers. Please remember that because they are sourced as vintage, there will be a range in age and also come with gentle wear and tear. We inspect and repair all major issues to be sure your selection will be in the best condition. Any shirt not in good enough condition for apparel gets added to our smaller accessory collections.
 Each Starter Set is 8 skirts including 1-XS, 2-S, 2-M, 2-L, & 1-XL.",Mini
"Product Name: Sexy Solid Ruched O Ring Halter Neck Crisscross Back Bodycon Description: Sexy Solid Ruched O Ring Halter Neck Crisscross Back Bodycon Dress
 
 It's very comfortable and not see through.
 
 White color can be see through a little.
 
 92% Polyester 8% Spandex
 
 Model is 5' 8"" and is wearing a S.",Mini
"Product Name: Ruffle-Hem Lace Dress Description: Ruffle hem lace dress.
 s",Knee-Length
"Product Name: Womens Floral Print Ruffle Neck Puff Sleeve Dress Description: Womens Floral Print Ruffle Neck Puff Sleeve Dress
 
 *Floral Woven Fabric
 
 *Smocked Neck
 
 *Puff Sleeve (WT. 0.8)",Mini
"Product Name: SD1062S SOLID DRESS WITH RUFFLED Description: 95% RAYON 5% SPANDEX
 SLEEVELESS V NECK SOLID DRESS WITH RUFFLED DETAIL
 
 MODEL SIZE: HEIGHT 5'9"", BUST 32"", WAIST 23.5"", HIPS 34"" 
 WEARING SIZE: SMALL
 
 *The garment color may differ slightly upon arrival due to being taken with professional lighting also depending on what device you maybe using to shop*",Mini
"Product Name: Chic Star Plus Size Lace Collar Dress In White Description: It's a short sleeve midi dress with laces and ruffles in collar and bow in bust. High waist with ruffles. Front buttons closure.
 
 Standard size S approx. length: 103 cm/ 40.5 inches; Plus size approx. length: 112 cm/ 44.1 inches.
 
 FREE WORLDWIDE SHIPPING WITH ONE WEEK DELIVERY TIME.
 CUSTOM LABEL AVAILABLE, PLEASE CONTACT US FOR DETAILS.
 
 
 MATERIAL:
 BODY
 97% COTTON
 3% SPANDEX
 TRIM
 48% NYLON
 52% COTTON
 
 CARE:
 HAND WASH
 DO NOT WRING
 DO NOT BLEACH
 MEDIUM IRON
 NO TUMBLE DRY
 DRIP DRY",Midi
Product Name: Loom- Paneled Sharp Tailored Linen Ruffled Belted Dress. Description: Loom- paneled sharp tailored linen ruffled belted dress.,Mini
"Product Name: CAMI MAXI DRESS WITH SIDE POCKETS Description: SKU : SIZ24
 
 
 
 V-NECK CAMI MAXI DRESS WITH SIDE POCKETS
 
 ADJUSTABLE STRAPS
 
 TOTAL BODY LENGTH (HIGH POINT BUST)48.5INCH BUST 34INCH approx.
 
 MEASURED FROM SMALL
 
 57% polyester 38% rayon 5% spandex",Maxi
"Product Name: ...SI-15471 PREMIUM LONG SLEEVE FLARE DRESS WITH POCKETS Description: ***Image usage is allowed to the buyers who purchase from us via Faire only.
 
 Breeze through your weekday with the effortless look of this relaxed tunic dress enriched with pockets for keeping hands cozy. Its solid hue makes a fresh base to pair with jackets and boots for season-spanning comfort and style.
  Size S: 36"" long from high point of shoulder to hemModel (wearing size S): 5' 7'' tall; 32'' chest; 25'' waist; 35'' hips55% polyester / 40% rayon / 5% spandexMachine washImported",Knee-Length
"Product Name: Chic Star Roll Collar Dress In Black Description: This dress has a large shawl full rolled collar. Empire darts. Large belt at the natural waist. Skirt is full swing skirt with box pleats. Side zip. The petticoat is not included.
 
 Standard size approx. length: 41 inches; Plus size approx. length: 44 inches.
 
 FREE WORLDWIDE SHIPPING WITH ONE WEEK DELIVERY TIME.
 
 MATERIAL:
 97% POLYESTER
 3% SPANDEX
 
 CARE:
 HAND WASH
 DO NOT WRING
 DO NOT BLEACH
 MEDIUM IRON
 NO TUMBLE DRY
 DRIP DRY",Knee-Length
"Product Name: The Wrap Dress- Yellow Description: Picnics that turn into sunsets and moments that turn into memories; this dress is a go-to staple. Timeless and delicate, this dress features flouncy sleeves and a feminine waist-defining wrap detail that creates a vintage-inspired classic. Pair with sandals and a sun hat or dress it up for wedding season paired with slip-on mules and a clutch. It also looks great paired with boots and a denim jacket for fall.
 
 Color: Yellow
 
 Faye is 5'6 and wearing a size small.
 
 100% Organic Cotton",Mini
"Product Name: Eva Poplin Cotton Cutout Midi Dress - Cream Description: Wear our dreamy handcrafted poplin cotton Eva Midi dress to make everyone swoon. Designed with voluminous skirt, puff sleeves, matching fabric covered buttons on the back and elegantly daring cutouts at the waist framed by wraparound ties.
 
 Style this midi length frock with slides for a romantic promenade stroll or wear it with your favorite heels to add some sass to your look and enjoy the night out.
 
 Comes in four colors: Fuchsia, Cream, Lilac, and Black
 
 -Content: 100% Organic Poplin Cotton
 -Hand wash warm
 -Elasticated gathered boatneck 
 -Elasticated waist adorned with adjustable ties
 -Dolman sleeve
 -Midi length
 -Back button closure
 -Unlined
 
 Length:
 S = 109 cm (42.5"")
 M = 112.5 cm (44"")
 L = 115.5 cm (45"")
 XL = 119 cm (46"")
 2XL = 121.5 cm (47"")
 3XL = 125 cm (49"")",Midi
Product Name: TERRY HOODIE MINI DRESS Description: #NAME?,Mini
"Product Name: CAFTAN DRESS, Golden Green, Women Description: Women's green light weight linen dress¬†with narrow v-neck. Dropped shoulder line, 3/4¬†sleeves. Round hem is longer from the back. Dress¬†comes with a detachable fabric belt.¬†When choosing a size please note that the linen garment shrinks slightly in the first wash.
 
 Take a look into a measurement table to see the directional measurements of this item!
 
 
  * Made from 100% linen 
  * Sizes XS/S - XL/XXL 
  * The model is a 164 cm tall and wears a size XS/S 
 Linen is a breathable material that is absorbent and dries fast. It is a strong, antibacterial, antistatic and dirt repellent natural fiber. Linen is a perfect choice for year-round use: in hot weather linen keeps you cool and in a chilly weather it keeps you warm.",Knee-Length
Product Name: Solid One-Shoulder Dress Description: Solid One-Shoulder Dress,Midi
"Product Name: 8230 Description: LEOPARD PRINT DRESS
 
 LEOPARD PRINT DRESS",Maxi
"Product Name: DEMETRIA dress Description: The Demetria dress, tied at the front to highlight your waist.
 
  
 
 100% Polyester",Knee-Length
"Product Name: BORDER PRINT BOHO DRESS Description: A mini dress features a smocking bodice with button up front, puffed sleeves and a square neckline, giving it a charming retro vibe. The dress is adorned with an allover border floral print that adds a touch of femininity and elegance. To complete the look, the dress is finished with a ruffle flounce at the bottom hem, which creates a playful and flirty feel.
 
 -Model is 5'9"" and wearing a Small",Mini
"Product Name: Victoria Embellished Flapper Party Dress Description: Stand out from the crowd and make an entrance in this beautifully designed 1920‚Äôs Great Gatsby inspired dress. Adorned in grey sequins and beads, this hand-crafted flapper dress is perfect for the party season. Lavish, vintage and glamorous.
 
 S Length: 105 cm Bust 80 cm Waist 72 cm ( has some stretch) 4US 8UK
 
 M Length: 105 cm Bust 84 cm Waist 76 cm ( has some stretch) 6US 10UK
 
 L Length: 105 cm Bust 88 cm Waist 80 cm ( has some stretch) 8US 12UK
 
 XL Length: 105 cm Bust 92 cm Waist 84 cm ( has some stretch) 10US 14UK
 
 2XL Length: 105 cm Bust 96 cm Waist 88 cm ( has some stretch) 12US 16UK",Knee-Length
